Workbook

Sheet 2025年一季度指标
B1: 消耗 | F1: 门店按自然月下指标，按自然月考核 | O1: 门店按自然月下指标，按自然月考核 | X1: 门店按自然月下指标，按自然月考核 | AE1: Q1指标覆盖时间：自然月1/1-3/31
B2: YesSkin | D2: 2024年1月实际 | F2: 2025年1月指标 | H2: 2025年1月实际（自然月） | K2: YesSkin | M2: 2024年2月实际 | O2: 2025年2月指标 | Q2: 2025 年2月实际（自然月） | T2: YesSkin | V2: 2024年3月实际 | X2: 2025年3月指标 | Z2: 2025 年3月实际（自然月） | AC2: 2024年一季度 | AE2: 2025年一季度指标 | AG2: 2025年一季度实际
D3: 1月消耗 | E3: 增幅 | F3: 1月消耗 | G3: 增幅 | H3: 1月消耗 | I3: Evl% | J3: 指标达成率 | M3: 2月消耗 | N3: 增幅 | O3: 2月消耗 | P3: 增幅 | Q3: 2月消耗 | R3: 增幅 | S3: 指标达成率 | V3: 3月消耗 | W3: 增幅 | X3: 3月消耗 | Y3: 增幅 | Z3: 3月消耗 | AA3: 增幅 | AB3: 指标达成率 | AC3: 一季度消耗 | AD3: 增幅 | AE3: 一季度消耗 | AF3: 增幅 | AG3: 一季度消耗 | AH3: 增幅 | AI3: 指标达成率
B4: 全国合计 Total | D4: 12147.977 | E4: 0.5516304 | F4: =F5+F12 -> 12642.62 | G4: =F4/D4-1 -> 0.040718087 | H4: =H5+H12 -> 9739.9655 | I4: =H4/D4-1 -> -0.19822328 | J4: =H4/F4 -> 0.77040721 | K4: National Total | M4: 6161.8072 | N4: -0.47726732 | O4: =O5+O12 -> 7348.9939 | P4: =O4/M4-1 -> 0.1926686 | Q4: =Q5+Q12 -> 5659.6653 | R4: =Q4/M4-1 -> -0.081492627 | S4: =Q4/O4 -> 0.77012791 | T4: National Total | V4: 10167.27 | W4: -0.15920278 | X4: =X5+X12 -> 11820 | Y4: =X4/V4-1 -> 0.16255394 | Z4: =Z5+Z12 -> 8868.0327 | AA4: =Z4/V4-1 -> -0.12778627 | AB4: =Z4/X4 -> 0.75025657 | AC4: =AC5+AC12 -> 28477.055 | AD4: -0.10193279 | AE4: =AE5+AE12 -> 31811.614 | AF4: =AE4/AC4-1 -> 0.11709634 | AG4: =AG5+AG12 -> 24267.663 | AH4: =AG4/AC4-1 -> -0.14781695 | AI4: =AG4/AE4 -> 0.76285547
B5: 杭州合计 | D5: 9814.654 | E5: 0.68538143 | F5: =F6+F7+F10+F11 -> 10042.62 | G5: =F5/D5-1 -> 0.023227082 | H5: =H6+H7+H10+H11 -> 8162.1414 | I5: =H5/D5-1 -> -0.16837197 | J5: =H5/F5 -> 0.81275022 | K5: HZ Total | M5: 4669.0343 | N5: -0.51345122 | O5: =O6+O7+O10+O11 -> 5448.9939 | P5: =O5/M5-1 -> 0.16704946 | Q5: =Q6+Q7+Q10+Q11 -> 4345.9196 | R5: =Q5/M5-1 -> -0.069203739 | S5: =Q5/O5 -> 0.79756368 | T5: HZ Total | V5: 7898.4281 | W5: -0.2070436 | X5: =X6+X7+X10+X11 -> 8240 | Y5: =X5/V5-1 -> 0.043245559 | Z5: =Z6+Z7+Z10+Z11 -> 7246.5618 | AA5: =Z5/V5-1 -> -0.082531142 | AB5: =Z5/X5 -> 0.87943711 | AC5: =AC6+AC7+AC10+AC11 -> 22382.116 | AD5: -0.036953699 | AE5: =AE6+AE7+AE10+AE11 -> 23731.614 | AF5: =AE5/AC5-1 -> 0.060293555 | AG5: =AG6+AG7+AG10+AG11 -> 19754.623 | AH5: =AG5/AC5-1 -> -0.11739254 | AI5: =AG5/AE5 -> 0.83241802
B6: 杭州时尚 | C6: HZ Fashion | D6: 3902.3817 | E6: 0.61484557 | F6: 4292.6198 | G6: =F6/D6-1 -> 0.1 | H6: 4060.5213 | I6: =H6/D6-1 -> 0.040523889 | J6: =H6/F6 -> 0.94593081 | K6: 杭州时尚 | L6: HZ Fashion | M6: 2087.1025 | N6: -0.44737158 | O6: 2366.2033 | P6: =O6/M6-1 -> 0.13372645 | Q6: 2241.262 | R6: =Q6/M6-1 -> 0.073862938 | S6: =Q6/O6 -> 0.94719757 | T6: 杭州时尚 | U6: HZ Fashion | V6: 3132.6627 | W6: -0.27621727 | X6: 3500 | Y6: =X6/V6-1 -> 0.11726039 | Z6: 3939.8883 | AA6: =Z6/V6-1 -> 0.25768031 | AB6: =Z6/X6 -> 1.1256824 | AC6: =D6+M6+V6 -> 9122.1469 | AD6: -0.13299369 | AE6: =F6+O6+X6 -> 10158.823 | AF6: =AE6/AC6-1 -> 0.11364389 | AG6: =H6+Q6+Z6 -> 10241.672 | AH6: =AG6/AC6-1 -> 0.12272601 | AI6: =AG6/AE6 -> 1.0081553
B7: 杭州悦容（西子） | C7: HZ Ruerong | D7: 4005.004 | E7: 0.61238877 | F7: 3900 | G7: =F7/D7-1 -> -0.026218191 | H7: 3041.3045 | I7: =H7/D7-1 -> -0.24062385 | J7: =H7/F7 -> 0.77982166 | K7: 杭州悦容（西子） | L7: HZ Ruerong | M7: 1826.4125 | N7: -0.53594912 | O7: 2043.7906 | P7: =O7/M7-1 -> 0.11901917 | Q7: 1406.4577 | R7: =Q7/M7-1 -> -0.2299343 | S7: =Q7/O7 -> 0.68816132 | T7: 杭州悦容（西子） | U7: HZ Ruerong | V7: 3254.1744 | W7: -0.17509327 | X7: 3200 | Y7: =X7/V7-1 -> -0.016647669 | Z7: 2236.1863 | AA7: =Z7/V7-1 -> -0.31282531 | AB7: =Z7/X7 -> 0.69880822 | AC7: =D7+M7+V7 -> 9085.5909 | AD7: -0.12340142 | AE7: =F7+O7+X7 -> 9143.7906 | AF7: =AE7/AC7-1 -> 0.0064057167 | AG7: =H7+Q7+Z7 -> 6683.9485 | AH7: =AG7/AC7-1 -> -0.26433531 | AI7: =AG7/AE7 -> 0.73098223
B8: 吴慧玲 | D8: 721.3898 | E8: 0.49588719 | F8: 300 | G8: =F8/D8-1 -> -0.58413607 | H8: 408.32073 | K8: 吴慧玲 | M8: 461.8415 | N8: -0.55601406 | O8: 300 | P8: =O8/M8-1 -> -0.3504265 | Q8: 319.58455 | T8: 吴慧玲 | V8: 845.60048 | W8: -0.061513785 | X8: 300 | Z8: 518.40341 | AC8: =D8+M8+V8 -> 2028.8318 | AD8: -0.16284751 | AE8: =F8+O8+X8 -> 900 | AG8: =H8+Q8+Z8 -> 1246.3087
B9: 杭州悦容（西子） 不含吴慧玲 | D9: 3283.6142 | E9: 0.64045704 | F9: =F7-F8 -> 3600 | G9: =F9/D9-1 -> 0.096352928 | H9: =H7-H8 -> 2632.9838 | I9: =H9/D9-1 -> -0.1981446 | J9: =H9/F9 -> 0.73138438 | K9: 杭州悦容（西子） 不含吴慧玲 | M9: 1364.571 | N9: -0.52874094 | O9: =O7-O8 -> 1743.7906 | P9: =O9/M9-1 -> 0.27790389 | Q9: =Q7-Q8 -> 1086.8731 | R9: =Q9/M9-1 -> -0.20350566 | S9: =Q9/O9 -> 0.62328188 | T9: 杭州悦容（西子） 不含吴慧玲 | V9: 2408.5739 | W9: -0.20871426 | X9: =X7-X8 -> 2900 | Y9: =X9/V9-1 -> 0.20403196 | Z9: =Z7-Z8 -> 1717.7829 | AA9: =Z9/V9-1 -> -0.286805 | AB9: =Z9/X9 -> 0.59233893 | AC9: =D9+M9+V9 -> 7056.7591 | AD9: -0.11136314 | AE9: =F9+O9+X9 -> 8243.7906 | AG9: =H9+Q9+Z9 -> 5437.6398 | AH9: =AG9/AC9-1 -> -0.22944235 | AI9: =AG9/AE9 -> 0.6596043
B10: 杭州素颜丰潭（城西） | C10: HZ Suyan Fengtan(West) | D10: 768.92637 | E10: 0.71323698 | F10: 750 | G10: =F10/D10-1 -> -0.024614021 | H10: 542.31623 | I10: =H10/D10-1 -> -0.2947098 | J10: =H10/F10 -> 0.72308831 | K10: 杭州素颜丰潭（城西） | L10: HZ Suyan Fengtan(West) | M10: 254.32567 | N10: -0.70931699 | O10: 359 | P10: =O10/M10-1 -> 0.41157595 | Q10: 136.75783 | R10: =Q10/M10-1 -> -0.4622728 | S10: =Q10/O10 -> 0.38094103 | T10: 杭州素颜丰潭（城西） | U10: HZ Suyan Fengtan(West) | V10: 648.66205 | W10: -0.25462282 | X10: 650 | Y10: =X10/V10-1 -> 0.0020626303 | Z10: 369.16871 | AA10: =Z10/V10-1 -> -0.43087666 | AB10: =Z10/X10 -> 0.56795186 | AC10: =D10+M10+V10 -> 1671.9141 | AD10: -0.23795594 | AE10: =F10+O10+X10 -> 1759 | AF10: =AE10/AC10-1 -> 0.052087551 | AG10: =H10+Q10+Z10 -> 1048.2428 | AH10: =AG10/AC10-1 -> -0.37302833 | AI10: =AG10/AE10 -> 0.59593108
B11: 杭州新芽（万通） | C11: HZ Xinya | D11: 1138.3421 | E11: 1.4009266 | F11: 1100 | G11: =F11/D11-1 -> -0.033682371 | H11: 517.99938 | I11: =H11/D11-1 -> -0.54495279 | J11: =H11/F11 -> 0.47090853 | K11: 杭州新芽（万通） | L11: HZ Xinya | M11: 501.19359 | N11: -0.50318859 | O11: 680 | P11: =O11/M11-1 -> 0.35676117 | Q11: 561.44216 | R11: =Q11/M11-1 -> 0.12021018 | S11: =Q11/O11 -> 0.82565024 | T11: 杭州新芽（万通） | U11: HZ Xinya | V11: 862.92884 | W11: 0.055690944 | X11: 890 | Y11: =X11/V11-1 -> 0.031371254 | Z11: 701.3185 | AA11: =Z11/V11-1 -> -0.18728119 | AB11: =Z11/X11 -> 0.78799831 | AC11: =D11+M11+V11 -> 2502.4645 | AD11: 0.087860868 | AE11: =F11+O11+X11 -> 2670 | AF11: =AE11/AC11-1 -> 0.066948207 | AG11: =H11+Q11+Z11 -> 1780.76 | AH11: =AG11/AC11-1 -> -0.28839748 | AI11: =AG11/AE11 -> 0.66695133
B12: 杭外合计 | D12: 2333.3234 | E12: 0.16330716 | F12: =F13+F14 -> 2600 | G12: =F12/D12-1 -> 0.11429047 | H12: =H13+H14 -> 1577.824 | I12: =H12/D12-1 -> -0.32378681 | J12: =H12/F12 -> 0.6068554 | K12: outsize HZ Total | M12: 1492.7729 | N12: -0.31882033 | O12: =O13+O14 -> 1900 | P12: =O12/M12-1 -> 0.27279911 | Q12: =Q13+Q14 -> 1313.7457 | R12: =Q12/M12-1 -> -0.11992931 | S12: =Q12/O12 -> 0.69144508 | T12: outsize HZ Total | V12: 2268.8421 | W12: 0.064343529 | X12: =X13+X14 -> 3580 | Y12: =X12/V12-1 -> 0.57789739 | Z12: =Z13+Z14 -> 1621.4709 | AA12: =Z12/V12-1 -> -0.28533109 | AB12: =Z12/X12 -> 0.45292483 | AC12: =AC13+AC14 -> 6094.9383 | AD12: -0.036967475 | AE12: =AE13+AE14 -> 8080 | AF12: =AE12/AC12-1 -> 0.3256902 | AG12: =AG13+AG14 -> 4513.0406 | AH12: =AG12/AC12-1 -> -0.25954286 | AI12: =AG12/AE12 -> 0.55854463
B13: 上海诊所 | C13: SH Clinic | D13: 1515.9835 | E13: -0.074505842 | F13: 1800 | G13: =F13/D13-1 -> 0.18734799 | H13: 863.47934 | I13: =H13/D13-1 -> -0.43041641 | J13: =H13/F13 -> 0.47971074 | K13: 上海诊所 | L13: SH Clinic | M13: 1122.5704 | N13: -0.29681134 | O13: 1300 | P13: =O13/M13-1 -> 0.15805653 | Q13: 973.49416 | R13: =Q13/M13-1 -> -0.13279903 | S13: =Q13/O13 -> 0.74884166 | T13: 上海诊所 | U13: SH Clinic | V13: 1695.7907 | W13: 0.17230931 | X13: 3000 | Y13: =X13/V13-1 -> 0.76908621 | Z13: 1048.8925 | AA13: =Z13/V13-1 -> -0.38147292 | AB13: =Z13/X13 -> 0.34963083 | AC13: =D13+M13+V13 -> 4334.3447 | AD13: -0.074048853 | AE13: =F13+O13+X13 -> 6100 | AF13: =AE13/AC13-1 -> 0.40736385 | AG13: =H13+Q13+Z13 -> 2885.866 | AH13: =AG13/AC13-1 -> -0.33418632 | AI13: =AG13/AE13 -> 0.47309279
B14: 苏州诊所 | C14: Suzhuo Clinic | D14: 817.33985 | E14: 1.2225953 | F14: 800 | G14: =F14/D14-1 -> -0.021214982 | H14: 714.34471 | I14: =H14/D14-1 -> -0.12601262 | J14: =H14/F14 -> 0.89293089 | K14: 苏州诊所 | L14: Suzhuo Clinic | M14: 370.20246 | N14: -0.37786582 | O14: 600 | P14: =O14/M14-1 -> 0.62073477 | Q14: 340.2515 | R14: =Q14/M14-1 -> -0.080904271 | S14: =Q14/O14 -> 0.56708583 | T14: 苏州诊所 | U14: Suzhuo Clinic | V14: 573.05135 | W14: -0.16360388 | X14: 580 | Y14: =X14/V14-1 -> 0.012125702 | Z14: 572.5784 | AA14: =Z14/V14-1 -> -0.00082531871 | AB14: =Z14/X14 -> 0.98720414 | AC14: =D14+M14+V14 -> 1760.5937 | AD14: 0.068362166 | AE14: =F14+O14+X14 -> 1980 | AF14: =AE14/AC14-1 -> 0.12462066 | AG14: =H14+Q14+Z14 -> 1627.1746 | AH14: =AG14/AC14-1 -> -0.075780717 | AI14: =AG14/AE14 -> 0.82180536
B15: 杭州不含吴慧玲 | D15: 9093.2642 | E15: 0.70249072 | F15: =F5-F8 -> 9742.6198 | G15: =F15/D15-1 -> 0.071410613 | H15: =H5-H8 -> 7753.8207 | I15: =H15/D15-1 -> -0.14730063 | J15: =H15/F15 -> 0.79586609 | K15: 杭州不含吴慧玲 | M15: 4207.1928 | N15: -0.50827655 | O15: =O5-O8 -> 5148.9939 | P15: =O15/M15-1 -> 0.223855 | Q15: =Q5-Q8 -> 4026.3351 | R15: =Q15/M15-1 -> -0.042987733 | S15: =Q15/O15 -> 0.7819654 | T15: 杭州不含吴慧玲 | V15: 7052.8276 | W15: -0.22151715 | X15: =X5-X8 -> 7940 | Y15: =X15/V15-1 -> 0.12578961 | Z15: =Z5-Z8 -> 6728.1584 | AA15: =Z15/V15-1 -> -0.046033909 | AB15: =Z15/X15 -> 0.84737511 | AC15: =AC5-AC8 -> 20353.285 | AD15: -0.11341227 | AE15: =AE5-AE8 -> 22831.614 | AF15: =AE15/AC15-1 -> 0.12176556 | AG15: =AG5-AG8 -> 18508.314 | AH15: =AG15/AC15-1 -> -0.090647307 | AI15: =AG15/AE15 -> 0.81064415
B16: 全国不含吴慧玲 | D16: 11426.588 | E16: 0.55528936 | F16: =F4-F8 -> 12342.62 | G16: =F16/D16-1 -> 0.080166733 | H16: =H4-H8 -> 9331.6448 | I16: =H16/D16-1 -> -0.18333933 | J16: =H16/F16 -> 0.75605057 | K16: 全国不含吴慧玲 | M16: 5699.9657 | N16: -0.46964565 | O16: =O4-O8 -> 7048.9939 | P16: =O16/M16-1 -> 0.23667305 | Q16: =Q4-Q8 -> 5340.0807 | R16: =Q16/M16-1 -> -0.063138082 | S16: =Q16/O16 -> 0.75756637 | T16: 全国不含吴慧玲 | V16: 9321.6697 | W16: -0.16706778 | X16: =X4-X8 -> 11520 | Y16: =X16/V16-1 -> 0.23583011 | Z16: =Z4-Z8 -> 8349.6292 | AA16: =Z16/V16-1 -> -0.1042775 | AB16: =Z16/X16 -> 0.72479421 | AC16: =AC4-AC8 -> 26448.223 | AD16: -0.096891906 | AE16: =AE4-AE8 -> 30911.614 | AF16: =AE16/AC16-1 -> 0.16875957 | AG16: =AG4-AG8 -> 23021.355 | AH16: =AG16/AC16-1 -> -0.12956894 | AI16: =AG16/AE16 -> 0.74474775
B20: YesSkin | D20: 2024年1+2月实际 | F20: 2025年1+2月指标 | H20: 2025年1+2月实际
D21: 1月+2月消耗 | E21: 增幅 | F21: 1月+2月消耗 | G21: 增幅 | H21: 1月+2月消耗 | I21: 增幅 | J21: 指标达成率
B22: National Total | D22: =D23+D30 -> 18309.785 | E22: -0.066629854 | F22: =F23+F30 -> 19991.614 | G22: =F22/D22-1 -> 0.09185412 | H22: =H23+H30 -> 15399.631 | I22: =H22/D22-1 -> -0.15893982 | J22: =H22/F22 -> 0.77030454
B23: HZ Total | D23: =D24+D25+D28+D29 -> 14483.688 | E23: -0.060698239 | F23: =F24+F25+F28+F29 -> 15491.614 | G23: =F23/D23-1 -> 0.069590383 | H23: =H24+H25+H28+H29 -> 12508.061 | I23: =H23/D23-1 -> -0.1364036 | J23: =H23/F23 -> 0.80740853
B24: 杭州时尚 | C24: HZ Fashion | D24: =D6+M6 -> 5989.4841 | E24: -0.032901236 | F24: =F6+O6 -> 6658.8231 | G24: =F24/D24-1 -> 0.11175236 | H24: =H6+Q6 -> 6301.7833 | I24: =H24/D24-1 -> 0.052141252 | J24: =H24/F24 -> 0.94638095
B25: 杭州悦容（西子） | C25: HZ Ruerong | D25: =D7+M7 -> 5831.4165 | E25: -0.091636806 | F25: =F7+O7 -> 5943.7906 | G25: =F25/D25-1 -> 0.019270471 | H25: =H7+Q7 -> 4447.7621 | I25: =H25/D25-1 -> -0.23727586 | J25: =H25/F25 -> 0.74830397
B26: 吴慧玲 | D26: =D8+M8 -> 1183.2313 | E26: -0.22281887 | F26: =F8+O8 -> 600 | G26: =F26/D26-1 -> -0.49291402 | H26: =H8+Q8 -> 727.90528
B27: 杭州悦容（西子） 不含吴慧玲 | D27: =D25-D26 -> 4648.1852 | E27: -0.050854553 | F27: =F9+O9 -> 5343.7906 | G27: =F27/D27-1 -> 0.14965097 | H27: =H9+Q9 -> 3719.8569 | J27: =H27/F27 -> 0.69610827
B28: 杭州素颜丰潭（城西） | C28: HZ Suyan Fengtan(West) | D28: =D10+M10 -> 1023.252 | E28: -0.22699888 | F28: =F10+O10 -> 1109 | G28: =F28/D28-1 -> 0.083799452 | H28: =H10+Q10 -> 679.07406 | I28: =H28/D28-1 -> -0.33635699 | J28: =H28/F28 -> 0.61233008
B29: 杭州新芽（万通） | C29: HZ Xinya | D29: =D11+M11 -> 1639.5356 | E29: 0.10559307 | F29: =F11+O11 -> 1780 | G29: =F29/D29-1 -> 0.085673251 | H29: =H11+Q11 -> 1079.4415 | I29: =H29/D29-1 -> -0.34161752 | J29: =H29/F29 -> 0.60642783
B30: outsize HZ Total | D30: =D31+D32 -> 3826.0963 | E30: -0.088421263 | F30: =F31+F32 -> 4500 | G30: =F30/D30-1 -> 0.1761335 | H30: =H31+H32 -> 2891.5697 | I30: =H30/D30-1 -> -0.24425066 | J30: =H30/F30 -> 0.64257105
B31: 上海诊所 | C31: SH Clinic | D31: =D13+M13 -> 2638.5539 | E31: -0.18422809 | F31: =F13+O13 -> 3100 | G31: =F31/D31-1 -> 0.17488596 | H31: =H13+Q13 -> 1836.9735 | I31: =H31/D31-1 -> -0.30379536 | J31: =H31/F31 -> 0.5925721
B32: 苏州诊所 | C32: Suzhuo Clinic | D32: =D14+M14 -> 1187.5423 | E32: 0.23343391 | F32: =F14+O14 -> 1400 | G32: =F32/D32-1 -> 0.17890536 | H32: =H14+Q14 -> 1054.5962 | I32: =H32/D32-1 -> -0.11195062 | J32: =H32/F32 -> 0.75328301
B33: 杭州不含吴慧玲 | D33: =D23-D26 -> 13300.457 | E33: -0.042937567 | F33: =F23-F26 -> 14891.614 | G33: =F33/D33-1 -> 0.11963173 | H33: =H23-H26 -> 11780.156 | I33: =H33/D33-1 -> -0.11430443 | J33: =H33/F33 -> 0.79105972
B34: 全国不含吴慧玲 | D34: =D22-D26 -> 17126.553 | E34: -0.05348808 | F34: =F22-F26 -> 19391.614 | G34: =F34/D34-1 -> 0.13225431 | H34: =H22-H26 -> 14671.726 | I34: =H34/D34-1 -> -0.14333461 | J34: =H34/F34 -> 0.75660158
B37: 开单 | F37: 门店按自然月下指标，按自然月考核 | O37: 门店按自然月下指标，按自然月考核 | X37: 门店按自然月下指标，按自然月考核 | AE37: Q1指标覆盖时间：自然月1/1-3/31
B38: YesSkin | D38: 2024年1月实际 | F38: 2025年1月指标 | H38: 2025年1月实际（自然月） | K38: YesSkin | M38: 2024年2月实际 | O38: 2025年2月指标 | Q38: 2025 年2月实际（自然月） | T38: YesSkin | V38: 2024年3月实际 | X38: 2025年3月指标 | Z38: 2025 年3月实际（自然月） | AC38: 2024年一季度 | AE38: 2025年一季度指标 | AG38: 2025年一季度实际
D39: 1月开单 | E39: 增幅 | F39: 1月开单 | G39: 增幅 | H39: 1月开单 | I39: Evl% | J39: 指标达成率 | M39: 2月开单 | N39: 增幅 | O39: 2月开单 | P39: 增幅 | Q39: 2月开单 | R39: 增幅 | S39: 指标达成率 | V39: 3月开单 | W39: 增幅 | X39: 3月开单 | Y39: 增幅 | Z39: 3月开单 | AA39: 增幅 | AB39: 指标达成率 | AC39: 一季度开单 | AD39: 增幅 | AE39: 一季度开单 | AF39: 增幅 | AG39: 一季度开单 | AH39: 增幅 | AI39: 指标达成率
B40: National Total | D40: 11301.077 | E40: 0.53917397 | F40: =F41+F48 -> 12369.505 | G40: =F40/D40-1 -> 0.094542217 | H40: =H41+H48 -> 8246.5317 | I40: =H40/D40-1 -> -0.27028796 | J40: =H40/F40 -> 0.66668241 | K40: National Total | M40: 5557.7692 | N40: -0.5174317 | O40: =O41+O48 -> 7520 | P40: =O40/M40-1 -> 0.35306087 | Q40: =Q41+Q48 -> 5233.1138 | R40: =Q40/M40-1 -> -0.058414704 | S40: =Q40/O40 -> 0.69589279 | T40: National Total | V40: 10649.162 | W40: -0.1003406 | X40: =X41+X48 -> 12710 | Y40: =X40/V40-1 -> 0.1935211 | Z40: =Z41+Z48 -> 9703.6267 | AA40: =Z40/V40-1 -> -0.088789683 | AB40: =Z40/X40 -> 0.76346394 | AC40: =AC41+AC48 -> 27508.008 | AD40: -0.10386404 | AE40: =AE41+AE48 -> 32599.505 | AF40: =AE40/AC40-1 -> 0.18509145 | AG40: =AG41+AG48 -> 23183.272 | AH40: =AG40/AC40-1 -> -0.15721735 | AI40: =AG40/AE40 -> 0.7111541
B41: HZ Total | D41: 8715.3363 | E41: 0.74902398 | F41: =F42+F43+F46+F47 -> 8619.5054 | G41: =F41/D41-1 -> -0.010995658 | H41: =H42+H43+H46+H47 -> 7157.7455 | I41: =H41/D41-1 -> -0.17871838 | J41: =H41/F41 -> 0.83041255 | K41: HZ Total | M41: 4149.6965 | N41: -0.55789942 | O41: =O42+O43+O46+O47 -> 5520 | P41: =O41/M41-1 -> 0.33021777 | Q41: =Q42+Q43+Q46+Q47 -> 4090.7255 | R41: =Q41/M41-1 -> -0.014210907 | S41: =Q41/O41 -> 0.74107347 | T41: HZ Total | V41: 8309.4951 | W41: -0.15423033 | X41: =X42+X43+X46+X47 -> 8210 | Y41: =X41/V41-1 -> -0.011973667 | Z41: =Z42+Z43+Z46+Z47 -> 7914.1764 | AA41: =Z41/V41-1 -> -0.047574334 | AB41: =Z41/X41 -> 0.9639679 | AC41: =AC42+AC43+AC46+AC47 -> 21174.528 | AD41: -0.12480476 | AE41: =AE42+AE43+AE46+AE47 -> 22349.505 | AF41: =AE41/AC41-1 -> 0.05549014 | AG41: =AG42+AG43+AG46+AG47 -> 19162.647 | AH41: =AG41/AC41-1 -> -0.095014183 | AI41: =AG41/AE41 -> 0.85740812
B42: 杭州时尚 | C42: HZ Fashion | D42: 3504.3619 | E42: 0.94450702 | F42: =F6*0.88 -> 3777.5054 | G42: =F42/D42-1 -> 0.077943885 | H42: 3274.2316 | I42: =H42/D42-1 -> -0.065669662 | J42: =H42/F42 -> 0.86677085 | K42: 杭州时尚 | L42: HZ Fashion | M42: 1438.4729 | N42: -0.59335344 | O42: 2100 | P42: =O42/M42-1 -> 0.45988154 | Q42: 1802.1403 | R42: =Q42/M42-1 -> 0.25281492 | S42: =Q42/O42 -> 0.85816204 | T42: 杭州时尚 | U42: HZ Fashion | V42: 3325.9134 | W42: -0.22870102 | X42: 3400 | Y42: =X42/V42-1 -> 0.022275562 | Z42: 3278.5332 | AA42: =Z42/V42-1 -> -0.01424578 | AB42: =Z42/X42 -> 0.96427446 | AC42: =D42+M42+V42 -> 8268.7482 | AD42: -0.14328425 | AE42: =F42+O42+X42 -> 9277.5054 | AF42: =AE42/AC42-1 -> 0.12199637 | AG42: =H42+Q42+Z42 -> 8354.9051 | AH42: =AG42/AC42-1 -> 0.010419584 | AI42: =AG42/AE42 -> 0.90055513
B43: 杭州悦容（西子） | C43: HZ Ruerong | D43: 3465.8445 | E43: 0.59718752 | F43: =F44+F45 -> 3100 | G43: =F43/D43-1 -> -0.10555711 | H43: 2576.0682 | I43: =H43/D43-1 -> -0.25672713 | J43: =H43/F43 -> 0.83098975 | K43: 杭州悦容（西子） | L43: HZ Ruerong | M43: 2016.9546 | N43: -0.49632134 | O43: =O44+O45 -> 2400 | P43: =O43/M43-1 -> 0.18991277 | Q43: 1419.5293 | R43: =Q43/M43-1 -> -0.29620166 | S43: =Q43/O43 -> 0.59147053 | T43: 杭州悦容（西子） | U43: HZ Ruerong | V43: 2898.3322 | W43: -0.27755218 | X43: =X44+X45 -> 3400 | Y43: =X43/V43-1 -> 0.17308845 | Z43: 2616.931 | AA43: =Z43/V43-1 -> -0.097090738 | AB43: =Z43/X43 -> 0.76968558 | AC43: =D43+M43+V43 -> 8381.1313 | AD43: -0.17721022 | AE43: =F43+O43+X43 -> 8900 | AF43: =AE43/AC43-1 -> 0.061909152 | AG43: =H43+Q43+Z43 -> 6612.5285 | AH43: =AG43/AC43-1 -> -0.21102197 | AI43: =AG43/AE43 -> 0.74298073
B44: Wu huiling | D44: 727.976 | E44: 0.56073005 | F44: =F8 -> 300 | G44: =F44/D44-1 -> -0.5878985 | H44: 441.75903 | K44: Wu huiling | M44: 473.84215 | N44: -0.5288753 | O44: =O8 -> 300 | P44: =O44/M44-1 -> -0.36687777 | Q44: 320.944 | T44: Wu huiling | V44: 886.88188 | W44: -0.043368181 | X44: =X8 -> 300 | Y44: =X44/V44-1 -> -0.66173624 | Z44: 518.99899 | AC44: =D44+M44+V44 -> 2088.7 | AD44: -0.12945042 | AE44: =F44+O44+X44 -> 900 | AF44: =AE44/AC44-1 -> -0.56910998 | AG44: =H44+Q44+Z44 -> 1281.702
B45: 杭州悦容（西子） excl. Wu huiling | D45: 2737.8685 | E45: 0.60716969 | F45: 2800 | G45: =F45/D45-1 -> 0.022693376 | H45: =H43-H44 -> 2134.3092 | I45: =H45/D45-1 -> -0.22044862 | J45: =H45/F45 -> 0.76225328 | K45: 杭州悦容（西子） excl. Wu huiling | M45: 1543.1124 | N45: -0.48540262 | O45: 2100 | P45: =O45/M45-1 -> 0.36088594 | Q45: =Q43-Q44 -> 1098.5853 | R45: =Q45/M45-1 -> -0.28807178 | S45: =Q45/O45 -> 0.52313585 | T45: 杭州悦容（西子） excl. Wu huiling | V45: 2011.4503 | W45: -0.34793399 | X45: 3100 | Y45: =X45/V45-1 -> 0.54117653 | Z45: =Z43-Z44 -> 2097.932 | AB45: =Z45/X45 -> 0.67675225 | AC45: =D45+M45+V45 -> 6292.4312 | AD45: -0.19192582 | AE45: =F45+O45+X45 -> 8000 | AF45: =AE45/AC45-1 -> 0.27136868 | AG45: =H45+Q45+Z45 -> 5330.8264 | AH45: =AG45/AC45-1 -> -0.15281928 | AI45: =AG45/AE45 -> 0.6663533
B46: 杭州素颜丰潭（城西） | C46: HZ Suyan Fengtan(West) | D46: 633.02587 | E46: 0.34379969 | F46: 730 | G46: =F46/D46-1 -> 0.15319142 | H46: 561.48641 | I46: =H46/D46-1 -> -0.11301191 | J46: =H46/F46 -> 0.76915947 | K46: 杭州素颜丰潭（城西） | L46: HZ Suyan Fengtan(West) | M46: 185.79198 | N46: -0.77113224 | O46: 370 | P46: =O46/M46-1 -> 0.99147455 | Q46: 212.40985 | R46: =Q46/M46-1 -> 0.14326706 | S46: =Q46/O46 -> 0.57408068 | T46: 杭州素颜丰潭（城西） | U46: HZ Suyan Fengtan(West) | V46: 1265.7978 | W46: 0.83795037 | X46: 610 | Y46: =X46/V46-1 -> -0.51809048 | Z46: 1189.7704 | AA46: =Z46/V46-1 -> -0.060062809 | AB46: =Z46/X46 -> 1.9504433 | AC46: =D46+M46+V46 -> 2084.6156 | AD46: 0.057343332 | AE46: =F46+O46+X46 -> 1710 | AF46: =AE46/AC46-1 -> -0.17970489 | AG46: =H46+Q46+Z46 -> 1963.6667 | AH46: =AG46/AC46-1 -> -0.058019789 | AI46: =AG46/AE46 -> 1.1483431
B47: 杭州新芽（万通） | C47: HZ Xinya | D47: 1112.104 | E47: 1.0604162 | F47: =F11*0.92 -> 1012 | G47: =F47/D47-1 -> -0.090013197 | H47: 745.95925 | I47: =H47/D47-1 -> -0.32923609 | J47: =H47/F47 -> 0.73711388 | K47: 杭州新芽（万通） | L47: HZ Xinya | M47: 508.47706 | N47: -0.50761396 | O47: 650 | P47: =O47/M47-1 -> 0.27832709 | Q47: 656.64612 | R47: =Q47/M47-1 -> 0.29139773 | S47: =Q47/O47 -> 1.0102248 | T47: 杭州新芽（万通） | U47: HZ Xinya | V47: 819.45176 | W47: 0.0089824549 | X47: 800 | Y47: =X47/V47-1 -> -0.023737529 | Z47: 828.94187 | AA47: =Z47/V47-1 -> 0.011581048 | AB47: =Z47/X47 -> 1.0361773 | AC47: =D47+M47+V47 -> 2440.0329 | AD47: 0.023253247 | AE47: =F47+O47+X47 -> 2462 | AF47: =AE47/AC47-1 -> 0.009002805 | AG47: =H47+Q47+Z47 -> 2231.5472 | AH47: =AG47/AC47-1 -> -0.085443776 | AI47: =AG47/AE47 -> 0.90639612
B48: outsize HZ Total | D48: 2585.7403 | E48: 0.37620579 | F48: =F49+F50 -> 3750 | G48: =F48/D48-1 -> 0.45026165 | H48: =H49+H50 -> 1088.7862 | I48: =H48/D48-1 -> -0.57892671 | J48: =H48/F48 -> 0.29034298 | K48: outsize HZ Total | M48: 1408.0727 | N48: -0.33916407 | O48: =O49+O50 -> 2000 | P48: =O48/M48-1 -> 0.42038121 | Q48: =Q49+Q50 -> 1142.3882 | R48: =Q48/M48-1 -> -0.18868663 | S48: =Q48/O48 -> 0.57119411 | T48: outsize HZ Total | V48: 2339.6673 | W48: 0.16279345 | X48: =X49+X50 -> 4500 | Y48: =X48/V48-1 -> 0.92335039 | Z48: =Z49+Z50 -> 1789.4502 | AA48: =Z48/V48-1 -> -0.23516893 | AB48: =Z48/X48 -> 0.39765561 | AC48: =AC49+AC50 -> 6333.4803 | AD48: -0.02594544 | AE48: =AE49+AE50 -> 10250 | AF48: =AE48/AC48-1 -> 0.6183835 | AG48: =AG49+AG50 -> 4020.6246 | AH48: =AG48/AC48-1 -> -0.36517926 | AI48: =AG48/AE48 -> 0.39225606
B49: 上海诊所 | C49: SH Clinic | D49: 1803.2785 | E49: -0.09316657 | F49: 2800 | G49: =F49/D49-1 -> 0.55272742 | H49: 541.9295 | I49: =H49/D49-1 -> -0.69947543 | J49: =H49/F49 -> 0.19354625 | K49: 上海诊所 | L49: SH Clinic | M49: 880.809 | N49: -0.37603274 | O49: 1400 | P49: =O49/M49-1 -> 0.58944788 | Q49: 694.46855 | R49: =Q49/M49-1 -> -0.21155602 | S49: =Q49/O49 -> 0.49604896 | T49: 上海诊所 | U49: SH Clinic | V49: 1711.9537 | W49: 0.3194475 | X49: 3200 | Y49: =X49/V49-1 -> 0.86920944 | Z49: 1449.7952 | AA49: =Z49/V49-1 -> -0.15313408 | AB49: =Z49/X49 -> 0.45306101 | AC49: =D49+M49+V49 -> 4396.0412 | AD49: -0.064203992 | AE49: =F49+O49+X49 -> 7400 | AF49: =AE49/AC49-1 -> 0.68333272 | AG49: =H49+Q49+Z49 -> 2686.1933 | AH49: =AG49/AC49-1 -> -0.38895175 | AI49: =AG49/AE49 -> 0.36299909
B50: 苏州诊所 | C50: Suzhuo Clinic | D50: 782.46179 | E50: 1.1102899 | F50: 950 | G50: =F50/D50-1 -> 0.21411679 | H50: 546.85668 | I50: =H50/D50-1 -> -0.3011075 | J50: =H50/F50 -> 0.57563861 | K50: 苏州诊所 | L50: Suzhuo Clinic | M50: 527.2637 | N50: -0.26679092 | O50: 600 | P50: =O50/M50-1 -> 0.13795052 | Q50: 447.91966 | R50: =Q50/M50-1 -> -0.15048265 | S50: =Q50/O50 -> 0.74653277 | T50: 苏州诊所 | U50: Suzhuo Clinic | V50: 627.7136 | W50: -0.12162608 | X50: 1300 | Y50: =X50/V50-1 -> 1.0710082 | Z50: 339.655 | AA50: =Z50/V50-1 -> -0.45890132 | AB50: =Z50/X50 -> 0.26127308 | AC50: =D50+M50+V50 -> 1937.4391 | AD50: 0.07365109 | AE50: =F50+O50+X50 -> 2850 | AF50: =AE50/AC50-1 -> 0.47101399 | AG50: =H50+Q50+Z50 -> 1334.4313 | AH50: =AG50/AC50-1 -> -0.31123959 | AI50: =AG50/AE50 -> 0.46822152
B51: 杭州不含吴慧玲 | D51: 7987.3603 | E51: 0.76846951 | F51: =F41-F44 -> 8319.5054 | G51: =F51/D51-1 -> 0.041583844 | H51: =H41 -> 7157.7455 | I51: =H51/D51-1 -> -0.10386596 | J51: =H51/F51 -> 0.86035709 | K51: 杭州不含吴慧玲 | M51: 3675.8543 | N51: -0.56138266 | O51: =O41-O44 -> 5220 | P51: =O51/M51-1 -> 0.42007803 | Q51: =Q41 -> 4090.7255 | R51: =Q51/M51-1 -> 0.11286388 | S51: =Q51/O51 -> 0.7836639 | T51: 杭州不含吴慧玲 | V51: 7422.6133 | W51: -0.16578153 | X51: =X41-X44 -> 7910 | Y51: =X51/V51-1 -> 0.06566242 | Z51: =Z41-Z44 -> 7395.1774 | AA51: =Z51/V51-1 -> -0.0036962467 | AB51: =Z51/X51 -> 0.93491497 | AC51: =AC41-AC44 -> 19085.828 | AD51: -0.12429334 | AE51: =AE41-AE44 -> 21449.505 | AF51: =AE51/AC51-1 -> 0.12384464 | AG51: =AG41-AG44 -> 17880.945 | AH51: =AG51/AC51-1 -> -0.063129693 | AI51: =AG51/AE51 -> 0.83362973
B52: 全国不含吴慧玲 | D52: 10573.101 | E52: 0.53771169 | F52: =F40-F44 -> 12069.505 | G52: =F52/D52-1 -> 0.14152942 | H52: =H40 -> 8246.5317 | I52: =H52/D52-1 -> -0.22004604 | J52: =H52/F52 -> 0.68325349 | K52: 全国不含吴慧玲 | M52: 5083.927 | N52: -0.51633673 | O52: =O40-O44 -> 7220 | P52: =O52/M52-1 -> 0.420162 | Q52: =Q40 -> 5233.1138 | R52: =Q52/M52-1 -> 0.029344778 | S52: =Q52/O52 -> 0.724808 | T52: 全国不含吴慧玲 | V52: 9762.2805 | W52: -0.10518198 | X52: =X40-X44 -> 12410 | Y52: =X52/V52-1 -> 0.27121936 | Z52: =Z40-Z44 -> 9184.6277 | AA52: =Z52/V52-1 -> -0.059171919 | AB52: =Z52/X52 -> 0.74009893 | AC52: =AC40-AC44 -> 25419.308 | AD52: -0.10169459 | AE52: =AE40-AE44 -> 31699.505 | AF52: =AE52/AC52-1 -> 0.24706405 | AG52: =AG40-AG44 -> 21901.57 | AH52: =AG52/AC52-1 -> -0.13838843 | AI52: =AG52/AE52 -> 0.69091204
B56: YesSkin | D56: 2024年1+2月实际 | F56: 2025年1+2月指标 | H56: 2025年1+2月实际
D57: 1月+2月开单 | E57: 增幅 | F57: 1月+2月开单 | G57: 增幅 | H57: 1月+2月开单 | I57: 增幅 | J57: 指标达成率
B58: National Total | D58: 16858.846 | E58: -0.066629854 | F58: =F59+F66 -> 19889.505 | G58: =F58/D58-1 -> 0.17976673 | H58: =H59+H66 -> 13479.645 | I58: =H58/D58-1 -> -0.20044079 | J58: =H58/F58 -> 0.67772652
B59: HZ Total | D59: 12865.033 | E59: -0.060698239 | F59: =F60+F61+F64+F65 -> 14139.505 | G59: =F59/D59-1 -> 0.099064859 | H59: =H60+H61+H64+H65 -> 11248.471 | I59: =H59/D59-1 -> -0.12565547 | J59: =H59/F59 -> 0.79553497
B60: 杭州时尚 | C60: HZ Fashion | D60: 4942.8347 | E60: -0.032901236 | F60: =F42+O42 -> 5877.5054 | G60: =F60/D60-1 -> 0.18909608 | H60: =H42+Q42 -> 5076.3719 | I60: =H60/D60-1 -> 0.027016309 | J60: =H60/F60 -> 0.86369497
B61: 杭州悦容（西子） | C61: HZ Ruerong | D61: 5482.7991 | E61: -0.091636806 | F61: =F43+O43 -> 5500 | G61: =F61/D61-1 -> 0.0031372497 | H61: =H43+Q43 -> 3995.5975 | I61: =H61/D61-1 -> -0.2712486 | J61: =H61/F61 -> 0.72647227
B62: Wu huiling | D62: 1201.8182 | E62: -0.18365892 | F62: =F44+O44 -> 600 | G62: =F62/D62-1 -> -0.50075642 | H62: =H44+Q44 -> 762.70303 | I62: =H62/D62-1 -> -0.36537568
B63: 杭州悦容（西子） excl. Wu huiling | D63: 4280.9809 | E63: -0.089581729 | F63: =F45+O45 -> 4900 | G63: =F63/D63-1 -> 0.14459748 | H63: =H45+Q45 -> 3232.8945 | I63: =H63/D63-1 -> -0.24482391 | J63: =H63/F63 -> 0.65977438
B64: 杭州素颜丰潭（城西） | C64: HZ Suyan Fengtan(West) | D64: 818.81785 | E64: -0.22699888 | F64: =F46+O46 -> 1100 | G64: =F64/D64-1 -> 0.34340012 | H64: =H46+Q46 -> 773.89626 | I64: =H64/D64-1 -> -0.054861518 | J64: =H64/F64 -> 0.70354205
B65: 杭州新芽（万通） | C65: HZ Xinya | D65: 1620.5811 | E65: 0.10559307 | F65: =F47+O47 -> 1662 | G65: =F65/D65-1 -> 0.025558054 | H65: =H47+Q47 -> 1402.6054 | I65: =H65/D65-1 -> -0.13450467 | J65: =H65/F65 -> 0.84392622
B66: outsize HZ Total | D66: 3993.813 | E66: -0.088421263 | F66: =F67+F68 -> 5750 | G66: =F66/D66-1 -> 0.43972689 | H66: =H67+H68 -> 2231.1744 | I66: =H66/D66-1 -> -0.4413423 | J66: =H66/F66 -> 0.38803033
B67: 上海诊所 | C67: SH Clinic | D67: 2684.0875 | E67: -0.18422809 | F67: =F49+O49 -> 4200 | G67: =F67/D67-1 -> 0.56477759 | H67: =H49+Q49 -> 1236.3981 | I67: =H67/D67-1 -> -0.53936001 | J67: =H67/F67 -> 0.29438049
B68: 苏州诊所 | C68: Suzhuo Clinic | D68: 1309.7255 | E68: 0.23343391 | F68: =F50+O50 -> 1550 | G68: =F68/D68-1 -> 0.1834541 | H68: =H50+Q50 -> 994.77634 | I68: =H68/D68-1 -> -0.24046959 | J68: =H68/F68 -> 0.64179119
B69: 杭州不含吴慧玲 | D69: 11663.215 | E69: -0.095670687 | F69: =F59-F62 -> 13539.505 | G69: =F69/D69-1 -> 0.16087253 | H69: =H59 -> 11248.471 | I69: =H69/D69-1 -> -0.035559975 | J69: =H69/F69 -> 0.83078891
B70: 全国不含吴慧玲 | D70: 15657.028 | E70: -0.099506378 | F70: =F58-F62 -> 19289.505 | G70: =F70/D70-1 -> 0.23200303 | H70: =H58 -> 13479.645 | I70: =H70/D70-1 -> -0.13906741 | J70: =H70/F70 -> 0.69880721
B73: 开单vs消耗 | D73: 开单/消耗 | F73: 开单/消耗 | H73: 开单/消耗
B74: YesSkin | D74: 2024年1月实际 | F74: 2025年1月指标 | H74: 2025年1月实际（自然月） | K74: YesSkin | M74: 2024年2月实际 | O74: 2025年2月指标 | Q74: 2025 年2月实际（自然月） | T74: YesSkin | V74: 2024年3月实际 | X74: 2025年3月指标 | Z74: 2025 年3月实际（自然月） | AC74: 2024年一季度 | AE74: 2025年一季度指标 | AG74: 2025年一季度实际
D75: 实际比例 | E75: 增幅 | F75: 指标比例 | G75: 增幅 | H75: 门店实际比例 | I75: 增幅 | M75: 实际比例 | N75: 增幅 | O75: 指标比例 | P75: 增幅 | Q75: 门店实际比例 | R75: 增幅 | V75: 实际比例 | W75: 增幅 | X75: 指标比例 | Y75: 增幅 | Z75: 门店实际比例 | AA75: 增幅 | AC75: 实际比例 | AD75: 增幅 | AE75: 指标比例 | AF75: 增幅 | AG75: 门店实际比例 | AH75: 增幅
B76: National Total | D76: =D40/D4 -> 0.93028462 | F76: =F40/F4 -> 0.97839733 | H76: =H40/H4 -> 0.84666949 | K76: National Total | M76: =M40/M4 -> 0.90197065 | O76: =O40/O4 -> 1.0232693 | Q76: =Q40/Q4 -> 0.92463308 | T76: National Total | V76: =V40/V4 -> 1.0473964 | X76: =X40/X4 -> 1.0752961 | Z76: =Z40/Z4 -> 1.0942254 | AC76: =AC40/AC4 -> 0.96597097 | AE76: =AE40/AE4 -> 1.0247674 | AG76: =AG40/AG4 -> 0.95531538
B77: HZ Total | D77: =D41/D5 -> 0.88799221 | F77: =F41/F5 -> 0.85829252 | H77: =H41/H5 -> 0.87694455 | K77: HZ Total | M77: =M41/M5 -> 0.88876976 | O77: =O41/O5 -> 1.013031 | Q77: =Q41/Q5 -> 0.94127961 | T77: HZ Total | V77: =V41/V5 -> 1.0520442 | X77: =X41/X5 -> 0.99635922 | Z77: =Z41/Z5 -> 1.0921285 | AC77: =AC41/AC5 -> 0.94604673 | AE77: =AE41/AE5 -> 0.94176088 | AG77: =AG41/AG5 -> 0.97003358
B78: 杭州时尚 | C78: HZ Fashion | D78: =D42/D6 -> 0.89800593 | F78: =F42/F6 -> 0.88 | H78: =H42/H6 -> 0.80635744 | K78: 杭州时尚 | L78: HZ Fashion | M78: =M42/M6 -> 0.68922006 | O78: =O42/O6 -> 0.88749772 | Q78: =Q42/Q6 -> 0.80407391 | T78: 杭州时尚 | U78: HZ Fashion | V78: =V42/V6 -> 1.0616889 | X78: =X42/X6 -> 0.97142857 | Z78: =Z42/Z6 -> 0.83213862 | AC78: =AC42/AC6 -> 0.9064476 | AE78: =AE42/AE6 -> 0.91324609 | AG78: =AG42/AG6 -> 0.81577553
B79: 杭州悦容（西子） | C79: HZ Ruerong | D79: =D43/D7 -> 0.86537855 | F79: =F43/F7 -> 0.79487179 | H79: =H43/H7 -> 0.84702739 | K79: 杭州悦容（西子） | L79: HZ Ruerong | M79: =M43/M7 -> 1.1043258 | O79: =O43/O7 -> 1.1742886 | Q79: =Q43/Q7 -> 1.009294 | T79: 杭州悦容（西子） | U79: HZ Ruerong | V79: =V43/V7 -> 0.89065053 | X79: =X43/X7 -> 1.0625 | Z79: =Z43/Z7 -> 1.1702652 | AC79: =AC43/AC7 -> 0.92246408 | AE79: =AE43/AE7 -> 0.97333812 | AG79: =AG43/AG7 -> 0.9893147
B80: Wu huiling | D80: =D44/D8 -> 1.0091299 | F80: =F44/F8 -> 1 | K80: Wu huiling | M80: =M44/M8 -> 1.0259843 | O80: =O44/O8 -> 1 | Q80: =Q44/Q8 -> 1.0042538 | T80: Wu huiling | V80: =V44/V8 -> 1.048819 | X80: =X44/X8 -> 1 | Z80: =Z44/Z8 -> 1.0011489 | AC80: =AC44/AC8 -> 1.0295087 | AE80: =AE44/AE8 -> 1 | AG80: =AG44/AG8 -> 1.0283985
B81: 杭州悦容（西子） excl. Wu huiling | D81: =D45/D9 -> 0.83379727 | F81: =F45/F9 -> 0.77777778 | H81: =H45/H9 -> 0.81060476 | K81: 杭州悦容（西子） excl. Wu huiling | M81: =M45/M9 -> 1.1308407 | O81: =O45/O9 -> 1.204273 | Q81: =Q45/Q9 -> 1.010776 | T81: 杭州悦容（西子） excl. Wu huiling | V81: =V45/V9 -> 0.83512084 | X81: =X45/X9 -> 1.0689655 | Z81: =Z45/Z9 -> 1.2213022 | AC81: =AC45/AC9 -> 0.89168854 | AE81: =AE45/AE9 -> 0.97042736 | AG81: =AG45/AG9 -> 0.98035667
B82: 杭州素颜丰潭（城西） | C82: HZ Suyan Fengtan(West) | D82: =D46/D10 -> 0.82325941 | F82: =F46/F10 -> 0.97333333 | H82: =H46/H10 -> 1.0353487 | K82: 杭州素颜丰潭（城西） | L82: HZ Suyan Fengtan(West) | M82: =M46/M10 -> 0.73052783 | O82: =O46/O10 -> 1.0306407 | Q82: =Q46/Q10 -> 1.5531824 | T82: 杭州素颜丰潭（城西） | U82: HZ Suyan Fengtan(West) | V82: =V46/V10 -> 1.9513979 | X82: =X46/X10 -> 0.93846154 | Z82: =Z46/Z10 -> 3.2228365 | AC82: =AC46/AC10 -> 1.2468437 | AE82: =AE46/AE10 -> 0.97214326 | AG82: =AG46/AG10 -> 1.8732938
B83: 杭州新芽（万通） | C83: HZ Xinya | D83: =D47/D11 -> 0.97695067 | F83: =F47/F11 -> 0.92 | H83: =H47/H11 -> 1.4400775 | K83: 杭州新芽（万通） | L83: HZ Xinya | M83: =M47/M11 -> 1.0145322 | O83: =O47/O11 -> 0.95588235 | Q83: =Q47/Q11 -> 1.1695704 | T83: 杭州新芽（万通） | U83: HZ Xinya | V83: =V47/V11 -> 0.94961684 | X83: =X47/X11 -> 0.8988764 | Z83: =Z47/Z11 -> 1.1819763 | AC83: =AC47/AC11 -> 0.97505194 | AE83: =AE47/AE11 -> 0.92209738 | AG83: =AG47/AG11 -> 1.2531431
B84: outsize HZ Total | D84: =D48/D12 -> 1.1081791 | F84: =F48/F12 -> 1.4423077 | H84: =H48/H12 -> 0.69005551 | K84: outsize HZ Total | M84: =M48/M12 -> 0.94325983 | O84: =O48/O12 -> 1.0526316 | Q84: =Q48/Q12 -> 0.86956573 | T84: outsize HZ Total | V84: =V48/V12 -> 1.0312165 | X84: =X48/X12 -> 1.2569832 | Z84: =Z48/Z12 -> 1.1035969 | AC84: =AC48/AC12 -> 1.0391377 | AE84: =AE48/AE12 -> 1.2685644 | AG84: =AG48/AG12 -> 0.89089042
B85: 上海诊所 | C85: SH Clinic | D85: =D49/D13 -> 1.1895106 | F85: =F49/F13 -> 1.5555556 | H85: =H49/H13 -> 0.62761143 | K85: 上海诊所 | L85: SH Clinic | M85: =M49/M13 -> 0.78463585 | O85: =O49/O13 -> 1.0769231 | Q85: =Q49/Q13 -> 0.71337721 | T85: 上海诊所 | U85: SH Clinic | V85: =V49/V13 -> 1.0095312 | X85: =X49/X13 -> 1.0666667 | Z85: =Z49/Z13 -> 1.3822153 | AC85: =AC49/AC13 -> 1.0142343 | AE85: =AE49/AE13 -> 1.2131148 | AG85: =AG49/AG13 -> 0.93081012
B86: 苏州诊所 | C86: Suzhuo Clinic | D86: =D50/D14 -> 0.95732735 | F86: =F50/F14 -> 1.1875 | H86: =H50/H14 -> 0.76553612 | K86: 苏州诊所 | L86: Suzhuo Clinic | M86: =M50/M14 -> 1.4242577 | O86: =O50/O14 -> 1 | Q86: =Q50/Q14 -> 1.316437 | T86: 苏州诊所 | U86: Suzhuo Clinic | V86: =V50/V14 -> 1.095388 | X86: =X50/X14 -> 2.2413793 | Z86: =Z50/Z14 -> 0.59320261 | AC86: =AC50/AC14 -> 1.1004465 | AE86: =AE50/AE14 -> 1.4393939 | AG86: =AG50/AG14 -> 0.82009105
B87: 杭州不含吴慧玲 | D87: =D51/D15 -> 0.87838207 | F87: =F51/F15 -> 0.85392898 | H87: =H51/H15 -> 0.92312497 | K87: 杭州不含吴慧玲 | M87: =M51/M15 -> 0.87370713 | O87: =O51/O15 -> 1.0137903 | Q87: =Q51/Q15 -> 1.0159923 | T87: 杭州不含吴慧玲 | V87: =V51/V15 -> 1.0524308 | X87: =X51/X15 -> 0.99622166 | Z87: =Z51/Z15 -> 1.0991384 | AC87: =AC51/AC15 -> 0.93772717 | AE87: =AE51/AE15 -> 0.93946515 | AG87: =AG51/AG15 -> 0.96610341
B88: 全国不含吴慧玲 | D88: =D52/D16 -> 0.92530692 | F88: =F52/F16 -> 0.97787225 | H88: =H52/H16 -> 0.88371684 | K88: 全国不含吴慧玲 | M88: =M52/M16 -> 0.8919224 | O88: =O52/O16 -> 1.0242596 | Q88: =Q52/Q16 -> 0.97996903 | T88: 全国不含吴慧玲 | V88: =V52/V16 -> 1.0472674 | X88: =X52/X16 -> 1.0772569 | Z88: =Z52/Z16 -> 1.1000043 | AC88: =AC52/AC16 -> 0.96109702 | AE88: =AE52/AE16 -> 1.0254885 | AG88: =AG52/AG16 -> 0.95135887
D90: 开单/消耗 | F90: 开单/消耗 | H90: 开单/消耗
B91: YesSkin | D91: 2024年1+2月实际 | F91: 2025年1+2月指标 | H91: 2025年1+2月实际
D92: 实际比例 | E92: 增幅 | F92: 指标比例 | G92: 增幅 | H92: 门店实际比例 | I92: 增幅
B93: National Total | D93: =D58/D22 -> 0.9207561 | F93: =F58/F22 -> 0.99489244 | H93: =H58/H22 -> 0.87532264
B94: HZ Total | D94: =D59/D23 -> 0.88824286 | F94: =F59/F23 -> 0.91271998 | H94: =H59/H23 -> 0.89929774
B95: 杭州时尚 | C95: HZ Fashion | D95: =D60/D24 -> 0.82525217 | F95: =F60/F24 -> 0.8826643 | H95: =H60/H24 -> 0.80554529
B96: 杭州悦容（西子） | C96: HZ Ruerong | D96: =D61/D25 -> 0.94021737 | F96: =F61/F25 -> 0.92533542 | H96: =H61/H25 -> 0.89833884
B97: Wu huiling | D97: =D62/D26 -> 1.0157086 | F97: =F62/F26 -> 1 | H97: =H62/H26 -> 1.0478053
B98: 杭州悦容（西子） excl. Wu huiling | D98: =D63/D27 -> 0.92100051 | F98: =F63/F27 -> 0.91695209 | H98: =H63/H27 -> 0.86909109
B99: 杭州素颜丰潭（城西） | C99: HZ Suyan Fengtan(West) | D99: =D64/D28 -> 0.8002113 | F99: =F64/F28 -> 0.99188458 | H99: =H64/H28 -> 1.1396345
B100: 杭州新芽（万通） | C100: HZ Xinya | D100: =D65/D29 -> 0.98843907 | F100: =F65/F29 -> 0.93370787 | H100: =H65/H29 -> 1.2993806
B101: outsize HZ Total | D101: =D66/D30 -> 1.043835 | F101: =F66/F30 -> 1.2777778 | H101: =H66/H30 -> 0.77161356
B102: 上海诊所 | C102: SH Clinic | D102: =D67/D31 -> 1.017257 | F102: =F67/F31 -> 1.3548387 | H102: =H67/H31 -> 0.67306254
B103: 苏州诊所 | C103: Suzhuo Clinic | D103: =D68/D32 -> 1.1028874 | F103: =F68/F32 -> 1.1071429 | H103: =H68/H32 -> 0.94327699
B104: 杭州不含吴慧玲 | D104: =D69/D33 -> 0.8769033 | F104: =F69/F33 -> 0.90920337 | H104: =H69/H33 -> 0.95486607
B105: 全国不含吴慧玲 | D105: =D70/D34 -> 0.91419607 | F105: =F70/F34 -> 0.99473441 | H105: =H70/H34 -> 0.91874984

Sheet 2025第二季度指标
B1: 消耗 | F1: 门店按自然月下指标，按自然月考核 | Q1: 门店按自然月下指标，按自然月考核 | AB1: 门店按自然月下指标，按自然月考核 | AL1: 门店按自然月下指标，按自然月考核
B2: YesSkin | D2: 2024年4月实际 | F2: 2025年4月指标 | H2: 2025年4月实际（自然月） | K2: YesSkin | M2: 2024年5月实际 | O2: 2025年5月指标-0326 | Q2: 2025年5月指标-0428 | S2: 2025年5月实际（自然月） | V2: YesSkin | X2: 2024年6月实际 | Z2: 2025年6月指标-0326 | AB2: 2025年6月指标-0520 | AD2: 2025年6月实际（自然月） | AH2: 2024年二季度 | AJ2: 2025年二季度指标-0326 | AL2: 2025年二季度指标-调整 | AN2: 2025年二季度实际
D3: 4月消耗 | E3: 增幅 | F3: 4月消耗 | G3: 增幅 | H3: 4月消耗 | I3: Evl% | J3: 指标达成率 | M3: 5月消耗 | N3: 增幅 | O3: 5月消耗 | P3: 增幅 | Q3: 5月消耗 | R3: 增幅 | S3: 5月消耗 | T3: Evl% | U3: 指标达成率 | X3: 6月消耗 | Y3: 增幅 | Z3: 6月消耗 | AA3: 增幅 | AB3: 6月消耗 | AC3: 增幅 | AD3: 6月消耗 | AE3: Evl% | AF3: 指标达成率 | AH3: 二季度消耗 | AI3: 增幅 | AJ3: 二季度消耗 | AK3: 增幅 | AL3: 二季度消耗 | AM3: 增幅 | AN3: 二季度消耗 | AO3: 增幅 | AP3: 指标达成率
B4: 全国合计 Total | D4: =D5+D12 -> 9887.5848 | E4: ='[1]consumption-2022-2025 retrend'!$G$246 -> -0.12318058 | F4: =F5+F12 -> 10826 | G4: =F4/D4-1 -> 0.094908438 | H4: =H5+H12 -> 8249.1125 | I4: =H4/D4-1 -> -0.16571006 | J4: =H4/F4 -> 0.76197233 | K4: National Total | M4: =M5+M12 -> 9759.0735 | N4: ='[1]consumption-2022-2025 retrend'!$H$246 -> -0.075817813 | O4: =O5+O12 -> 10916.66 | P4: =O4/M4-1 -> 0.11861643 | Q4: =Q5+Q12 -> 8750 | R4: =Q4/M4-1 -> -0.1033985 | S4: =S5+S12 -> 8089.6956 | T4: =S4/M4-1 -> -0.17105906 | U4: =S4/Q4 -> 0.92453664 | V4: National Total | X4: =X5+X12 -> 8155.2035 | Y4: ='[1]consumption-2022-2025 retrend'!$I$246 -> -0.1427834 | Z4: 11090 | AA4: =Z4/X4-1 -> 0.35986797 | AB4: =AB5+AB12 -> 8750 | AC4: =AB4/X4-1 -> 0.072934602 | AF4: =AD4/AB4 -> 0 | AH4: =AH5+AH12 -> 27801.862 | AI4: =AH4/'[2]consumption-2022-2025 retrend'!$S$125-1 -> -0.113176 | AJ4: =AJ5+AJ12 -> 32832.66 | AK4: =AJ4/AH4-1 -> 0.18095185 | AL4: =AL5+AL12 -> 28326 | AM4: =AL4/AH4-1 -> 0.01885263 | AP4: =AN4/AJ4 -> 0
B5: 杭州合计 | D5: =D6+D7+D10+D11 -> 7888.4493 | E5: ='[1]consumption-2022-2025 retrend'!$G$222 -> -0.12050377 | F5: =F6+F7+F10+F11 -> 8080 | G5: =F5/D5-1 -> 0.024282425 | H5: =H6+H7+H10+H11 -> 6813.3541 | I5: =H5/D5-1 -> -0.13628727 | J5: =H5/F5 -> 0.84323689 | K5: HZ Total | M5: =M6+M7+M10+M11 -> 7616.8034 | N5: ='[1]consumption-2022-2025 retrend'!$H$222 -> -0.12856326 | O5: =O6+O7+O10+O11 -> 7646.66 | P5: =O5/M5-1 -> 0.003919833 | Q5: =Q6+Q7+Q10+Q11 -> 6950 | R5: =Q5/M5-1 -> -0.087543737 | S5: =S6+S7+S10+S11 -> 6052.6481 | T5: =S5/M5-1 -> -0.20535587 | U5: =S5/Q5 -> 0.87088462 | V5: HZ Total | X5: =X6+X7+X10+X11 -> 6229.0379 | Y5: ='[1]consumption-2022-2025 retrend'!$I$222 -> -0.17324673 | Z5: 7840 | AA5: =Z5/X5-1 -> 0.25862133 | AB5: =AB6+AB7+AB10+AB11 -> 6800 | AC5: =AB5/X5-1 -> 0.091661355 | AF5: =AD5/AB5 -> 0 | AH5: =AH6+AH7+AH10+AH11 -> 21734.291 | AI5: =AH5/'[2]consumption-2022-2025 retrend'!$S$101-1 -> -0.13903589 | AJ5: =AJ6+AJ7+AJ10+AJ11 -> 23566.66 | AK5: =AJ5/AH5-1 -> 0.084307759 | AL5: =AL6+AL7+AL10+AL11 -> 21830 | AM5: =AL5/AH5-1 -> 0.0044036082 | AP5: =AN5/AJ5 -> 0
B6: 杭州时尚 | C6: HZ Fashion | D6: ='[1]consumption-2022-2025 retrend'!$G$224 -> 3539.223 | E6: ='[1]consumption-2022-2025 retrend'!$G$225 -> -0.084430672 | F6: 3900 | G6: =F6/D6-1 -> 0.10193678 | H6: 3544.7109 | I6: =H6/D6-1 -> 0.0015505918 | J6: =H6/F6 -> 0.90890023 | K6: 杭州时尚 | L6: HZ Fashion | M6: ='[1]consumption-2022-2025 retrend'!$H$224 -> 2817.5962 | N6: ='[1]consumption-2022-2025 retrend'!$H$225 -> -0.087294399 | O6: 3316.1714 | P6: =O6/M6-1 -> 0.17695054 | Q6: 3300 | R6: =Q6/M6-1 -> 0.17121111 | S6: 2963.9386 | T6: =S6/M6-1 -> 0.051938734 | U6: =S6/Q6 -> 0.89816321 | V6: 杭州时尚 | W6: HZ Fashion | X6: ='[1]consumption-2022-2025 retrend'!$I$224 -> 2850.6217 | Y6: ='[1]consumption-2022-2025 retrend'!$I$225 -> -0.048213257 | Z6: 3500 | AA6: =Z6/X6-1 -> 0.22780232 | AB6: 3350 | AC6: =AB6/X6-1 -> 0.17518223 | AF6: =AD6/AB6 -> 0 | AH6: =D6+M6+X6 -> 9207.441 | AI6: =AH6/'[2]consumption-2022-2025 retrend'!$S$104-1 -> -0.074415154 | AJ6: =F6+O6+Z6 -> 10716.171 | AK6: =AJ6/AH6-1 -> 0.16385991 | AL6: =F6+Q6+AB6 -> 10550 | AM6: =AL6/AH6-1 -> 0.1458124 | AP6: =AN6/AJ6 -> 0
B7: 杭州悦容（西子） | C7: HZ Ruerong | D7: ='[1]consumption-2022-2025 retrend'!$G$227 -> 2965.9416 | E7: ='[1]consumption-2022-2025 retrend'!$G$228 -> -0.090691738 | F7: 2700 | G7: =F7/D7-1 -> -0.089665144 | H7: 2363.7401 | I7: =H7/D7-1 -> -0.20303888 | J7: =H7/F7 -> 0.87545931 | K7: 杭州悦容（西子） | L7: HZ Ruerong | M7: ='[1]consumption-2022-2025 retrend'!$H$227 -> 3519.0258 | N7: ='[1]consumption-2022-2025 retrend'!$H$228 -> 0.25687086 | O7: 2800 | P7: =O7/M7-1 -> -0.20432524 | Q7: 2500 | R7: =Q7/M7-1 -> -0.28957611 | S7: 2075.1931 | T7: =S7/M7-1 -> -0.41029329 | U7: =S7/Q7 -> 0.83007725 | V7: 杭州悦容（西子） | W7: HZ Ruerong | X7: ='[1]consumption-2022-2025 retrend'!$I$227 -> 2356.6241 | Y7: ='[1]consumption-2022-2025 retrend'!$I$228 -> -0.20356461 | Z7: 2800 | AA7: =Z7/X7-1 -> 0.18814026 | AB7: 2250 | AC7: =AB7/X7-1 -> -0.045244432 | AF7: =AD7/AB7 -> 0 | AH7: =D7+M7+X7 -> 8841.5915 | AI7: =AH7/'[2]consumption-2022-2025 retrend'!$S$107-1 -> -0.019839124 | AJ7: =F7+O7+Z7 -> 8300 | AK7: =AJ7/AH7-1 -> -0.06125498 | AL7: =F7+Q7+AB7 -> 7450 | AM7: =AL7/AH7-1 -> -0.15739152 | AP7: =AN7/AJ7 -> 0
B8: 吴慧玲 | D8: ='[1]consumption-2022-2025 retrend'!$G$250 -> 694.88075 | E8: ='[1]consumption-2022-2025 retrend'!$G$251 -> -0.072696583 | F8: 300 | H8: 485.95885 | K8: 吴慧玲 | M8: ='[1]consumption-2022-2025 retrend'!$H$250 -> 540.4236 | N8: ='[1]consumption-2022-2025 retrend'!$H$251 -> -0.39605801 | O8: 454.8994 | Q8: 454.8994 | S8: 432.36891 | T8: =S8/M8-1 -> -0.19994443 | V8: 吴慧玲 | X8: ='[1]consumption-2022-2025 retrend'!$I$250 -> 496.3504 | Y8: ='[1]consumption-2022-2025 retrend'!$I$251 -> -0.44342969 | Z8: 300 | AB8: 480 | AH8: =D8+M8+X8 -> 1731.6547 | AI8: =AH8/'[2]consumption-2022-2025 retrend'!$S$130-1 -> -0.31716685 | AJ8: =F8+O8+Z8 -> 1054.8994 | AL8: =F8+Q8+AB8 -> 1234.8994
B9: 杭州悦容（西子） 不含吴慧玲 | D9: =D7-D8 -> 2271.0608 | E9: ='[1]consumption-2022-2025 retrend'!$G$253 -> -0.096059031 | F9: =F7-F8 -> 2400 | G9: =F9/D9-1 -> 0.056774864 | H9: =H7-H8 -> 1877.7813 | I9: =H9/D9-1 -> -0.17316998 | J9: =H9/F9 -> 0.78240887 | K9: 杭州悦容（西子） 不含吴慧玲 | M9: =M7-M8 -> 2978.6022 | N9: ='[1]consumption-2022-2025 retrend'!$H$253 -> 0.56356755 | O9: =O7-O8 -> 2345.1006 | P9: =O9/M9-1 -> -0.21268419 | Q9: =Q7-Q8 -> 2045.1006 | R9: =Q9/M9-1 -> -0.31340258 | S9: =S7-S8 -> 1642.8242 | T9: =S9/M9-1 -> -0.448458 | U9: =S9/Q9 -> 0.80329751 | V9: 杭州悦容（西子） 不含吴慧玲 | X9: =X7-X8 -> 1860.2737 | Y9: ='[1]consumption-2022-2025 retrend'!$I$253 -> -0.10008359 | Z9: 2500 | AA9: =Z9/X9-1 -> 0.34388825 | AB9: =AB7-AB8 -> 1770 | AC9: =AB9/X9-1 -> -0.048527117 | AF9: =AD9/AB9 -> 0 | AH9: =D9+M9+X9 -> 7109.9368 | AI9: =AH9/'[2]consumption-2022-2025 retrend'!$S$132-1 -> 0.096439854 | AJ9: =F9+O9+Z9 -> 7245.1006 | AL9: =F9+Q9+AB9 -> 6215.1006 | AM9: =AL9/AH9-1 -> -0.12585712 | AP9: =AN9/AJ9 -> 0
B10: 杭州素颜丰潭（城西） | C10: HZ Suyan Fengtan(West) | D10: ='[1]consumption-2022-2025 retrend'!$G$230 -> 661.17768 | E10: ='[1]consumption-2022-2025 retrend'!$G$231 -> -0.38810991 | F10: 680 | G10: =F10/D10-1 -> 0.02846787 | H10: 386.90371 | I10: =H10/D10-1 -> -0.41482642 | J10: =H10/F10 -> 0.56897604 | K10: 杭州素颜丰潭（城西） | L10: HZ Suyan Fengtan(West) | M10: ='[1]consumption-2022-2025 retrend'!$H$230 -> 503.78065 | N10: ='[1]consumption-2022-2025 retrend'!$H$231 -> -0.7568748 | O10: 670 | P10: =O10/M10-1 -> 0.3299439 | Q10: 500 | R10: =Q10/M10-1 -> -0.0075045558 | S10: 448.5202 | T10: =S10/M10-1 -> -0.10969149 | U10: =S10/Q10 -> 0.8970404 | V10: 杭州素颜丰潭（城西） | W10: HZ Suyan Fengtan(West) | X10: ='[1]consumption-2022-2025 retrend'!$I$230 -> 537.05476 | Y10: ='[1]consumption-2022-2025 retrend'!$I$231 -> -0.39069151 | Z10: 650 | AA10: =Z10/X10-1 -> 0.21030489 | AB10: 510 | AC10: =AB10/X10-1 -> -0.050376166 | AF10: =AD10/AB10 -> 0 | AH10: =D10+M10+X10 -> 1702.0131 | AI10: =AH10/'[2]consumption-2022-2025 retrend'!$S$110-1 -> -0.57809038 | AJ10: =F10+O10+Z10 -> 2000 | AK10: =AJ10/AH10-1 -> 0.17507909 | AL10: =F10+Q10+AB10 -> 1690 | AM10: =AL10/AH10-1 -> -0.0070581655 | AP10: =AN10/AJ10 -> 0
B11: 杭州新芽（万通） | C11: HZ Xinya | D11: ='[1]consumption-2022-2025 retrend'!$G$233 -> 722.10707 | E11: ='[1]consumption-2022-2025 retrend'!$G$234 -> -0.051578594 | F11: 800 | G11: =F11/D11-1 -> 0.10786895 | H11: 517.99938 | I11: =H11/D11-1 -> -0.28265571 | J11: =H11/F11 -> 0.64749923 | K11: 杭州新芽（万通） | L11: HZ Xinya | M11: ='[1]consumption-2022-2025 retrend'!$H$233 -> 776.40076 | N11: ='[1]consumption-2022-2025 retrend'!$H$234 -> -0.0065203627 | O11: ='[1]0225 SRI03'!$H$94 -> 860.48865 | P11: =O11/M11-1 -> 0.10830475 | Q11: 650 | R11: =Q11/M11-1 -> -0.1628035 | S11: 564.99621 | T11: =S11/M11-1 -> -0.27228792 | U11: =S11/Q11 -> 0.86922494 | V11: 杭州新芽（万通） | W11: HZ Xinya | X11: ='[1]consumption-2022-2025 retrend'!$I$233 -> 484.73732 | Y11: ='[1]consumption-2022-2025 retrend'!$I$234 -> -0.30646228 | Z11: 890 | AA11: =Z11/X11-1 -> 0.83604596 | AB11: 690 | AC11: =AB11/X11-1 -> 0.42345137 | AF11: =AD11/AB11 -> 0 | AH11: =D11+M11+X11 -> 1983.2451 | AI11: =AH11/'[2]consumption-2022-2025 retrend'!$S$113-1 -> -0.11533699 | AJ11: =F11+O11+Z11 -> 2550.4887 | AK11: =AJ11/AH11-1 -> 0.28601784 | AL11: =F11+Q11+AB11 -> 2140 | AM11: =AL11/AH11-1 -> 0.079039573 | AP11: =AN11/AJ11 -> 0
B12: 杭外合计 | D12: =D13+D14 -> 1999.1355 | E12: ='[1]consumption-2022-2025 retrend'!$G$237 -> -0.13358599 | F12: =F13+F14 -> 2746 | G12: =F12/D12-1 -> 0.37359377 | H12: =H13+H14 -> 1435.7584 | I12: =H12/D12-1 -> -0.28181035 | J12: =H12/F12 -> 0.52285447 | K12: outsize HZ Total | M12: =M13+M14 -> 2142.2701 | N12: ='[1]consumption-2022-2025 retrend'!$H$237 -> 0.17760614 | O12: =O13+O14 -> 3270 | P12: =O12/M12-1 -> 0.52641817 | Q12: =Q13+Q14 -> 1800 | R12: =Q12/M12-1 -> -0.15976981 | S12: =S13+S14 -> 2037.0474 | T12: =S12/M12-1 -> -0.049117369 | U12: =S12/Q12 -> 1.131693 | V12: outsize HZ Total | X12: =X13+X14 -> 1926.1655 | Y12: ='[1]consumption-2022-2025 retrend'!$I$237 -> -0.026819671 | Z12: 3250 | AA12: =Z12/X12-1 -> 0.68729008 | AB12: =AB13+AB14 -> 1950 | AC12: =AB12/X12-1 -> 0.012374045 | AF12: =AD12/AB12 -> 0 | AH12: =AH13+AH14 -> 6067.5711 | AI12: =AH12/'[2]consumption-2022-2025 retrend'!$S$116-1 -> -0.0062593593 | AJ12: =AJ13+AJ14 -> 9266 | AK12: =AJ12/AH12-1 -> 0.52713497 | AL12: =AL13+AL14 -> 6496 | AM12: =AL12/AH12-1 -> 0.070609625 | AP12: =AN12/AJ12 -> 0
B13: 上海诊所 | C13: SH Clinic | D13: ='[1]consumption-2022-2025 retrend'!$G$239 -> 1253.0205 | E13: ='[1]consumption-2022-2025 retrend'!$G$240 -> -0.19164444 | F13: 2000 | G13: =F13/D13-1 -> 0.59614308 | H13: 1032.458 | I13: =H13/D13-1 -> -0.17602467 | J13: =H13/F13 -> 0.51622899 | K13: 上海诊所 | L13: SH Clinic | M13: ='[1]consumption-2022-2025 retrend'!$H$239 -> 1460.4868 | N13: ='[1]consumption-2022-2025 retrend'!$H$240 -> 0.23469141 | O13: 2500 | P13: =O13/M13-1 -> 0.71175808 | Q13: 1200 | R13: =Q13/M13-1 -> -0.17835612 | S13: 1425.8618 | T13: =S13/M13-1 -> -0.023707843 | U13: =S13/Q13 -> 1.1882181 | V13: 上海诊所 | W13: SH Clinic | X13: ='[1]consumption-2022-2025 retrend'!$I$239 -> 1318.7824 | Y13: ='[1]consumption-2022-2025 retrend'!$I$240 -> 0.010836166 | Z13: 2500 | AA13: =Z13/X13-1 -> 0.89568808 | AB13: 1350 | AC13: =AB13/X13-1 -> 0.023671563 | AF13: =AD13/AB13 -> 0 | AH13: =D13+M13+X13 -> 4032.2896 | AI13: =AH13/'[2]consumption-2022-2025 retrend'!$S$119-1 -> -0.0013169113 | AJ13: =F13+O13+Z13 -> 7000 | AK13: =AJ13/AH13-1 -> 0.73598642 | AL13: =F13+Q13+AB13 -> 4550 | AM13: =AL13/AH13-1 -> 0.12839117 | AP13: =AN13/AJ13 -> 0
B14: 苏州诊所 | C14: Suzhuo Clinic | D14: ='[1]consumption-2022-2025 retrend'!$G$242 -> 746.11495 | E14: ='[1]consumption-2022-2025 retrend'!$G$243 -> -0.014745665 | F14: 746 | G14: =F14/D14-1 -> -0.00015406473 | H14: 403.3004 | I14: =H14/D14-1 -> -0.45946613 | J14: =H14/F14 -> 0.54061716 | K14: 苏州诊所 | L14: Suzhuo Clinic | M14: ='[1]consumption-2022-2025 retrend'!$H$242 -> 681.78334 | N14: ='[1]consumption-2022-2025 retrend'!$H$243 -> 0.071484774 | O14: 770 | P14: =O14/M14-1 -> 0.12939105 | Q14: 600 | R14: =Q14/M14-1 -> -0.11995503 | S14: 611.18566 | T14: =S14/M14-1 -> -0.10354856 | U14: =S14/Q14 -> 1.0186428 | V14: 苏州诊所 | W14: Suzhuo Clinic | X14: ='[1]consumption-2022-2025 retrend'!$I$242 -> 607.38318 | Y14: ='[1]consumption-2022-2025 retrend'!$I$243 -> -0.099643951 | Z14: 750 | AA14: =Z14/X14-1 -> 0.23480535 | AB14: 600 | AC14: =AB14/X14-1 -> -0.01215572 | AF14: =AD14/AB14 -> 0 | AH14: =D14+M14+X14 -> 2035.2815 | AI14: =AH14/'[2]consumption-2022-2025 retrend'!$S$122-1 -> -0.015908247 | AJ14: =F14+O14+Z14 -> 2266 | AK14: =AJ14/AH14-1 -> 0.11335952 | AL14: =F14+Q14+AB14 -> 1946 | AM14: =AL14/AH14-1 -> -0.043866891 | AP14: =AN14/AJ14 -> 0
B15: 杭州不含吴慧玲 | D15: =D5-D8 -> 7193.5686 | E15: ='[1]consumption-2022-2025 retrend'!$G$255 -> -0.12486203 | F15: =F5-F8 -> 7780 | G15: =F15/D15-1 -> 0.081521629 | H15: =H5-H8 -> 6327.3953 | I15: =H15/D15-1 -> -0.12040941 | J15: =H15/F15 -> 0.81328988 | K15: 杭州不含吴慧玲 | M15: =M5-M8 -> 7076.3798 | N15: ='[1]consumption-2022-2025 retrend'!$H$255 -> -0.098054572 | O15: =O5-O8 -> 7191.7606 | P15: =O15/M15-1 -> 0.01630506 | Q15: =Q5-Q8 -> 6495.1006 | R15: =Q15/M15-1 -> -0.082143589 | S15: =S5-S8 -> 5620.2792 | T15: =S15/M15-1 -> -0.20576914 | U15: =S15/Q15 -> 0.86531057 | V15: 杭州不含吴慧玲 | X15: =X5-X8 -> 5732.6875 | Y15: ='[1]consumption-2022-2025 retrend'!$I$255 -> -0.13697299 | Z15: 7540 | AA15: =Z15/X15-1 -> 0.31526443 | AB15: =AB5-AB8 -> 6320 | AC15: =AB15/X15-1 -> 0.10244976 | AF15: =AD15/AB15 -> 0 | AH15: =AH5-AH8 -> 20002.636 | AI15: =AH15/'[2]consumption-2022-2025 retrend'!$S$134-1 -> -0.1191427 | AJ15: =F15+O15+Z15 -> 22511.761 | AK15: =AJ15/AH15-1 -> 0.1254397 | AL15: =F15+Q15+AB15 -> 20595.101 | AM15: =AL15/AH15-1 -> 0.029619329 | AP15: =AN15/AJ15 -> 0
B16: 全国不含吴慧玲 | D16: =D4-D8 -> 9192.704 | E16: ='[1]consumption-2022-2025 retrend'!$G$257 -> -0.12677415 | F16: =F4-F8 -> 10526 | G16: =F16/D16-1 -> 0.1450385 | H16: =H4-H8 -> 7763.1536 | I16: =H16/D16-1 -> -0.15550924 | J16: =H16/F16 -> 0.73752172 | K16: 全国不含吴慧玲 | M16: =M4-M8 -> 9218.6499 | N16: ='[1]consumption-2022-2025 retrend'!$H$257 -> -0.046168174 | O16: =O4-O8 -> 10461.761 | P16: =O16/M16-1 -> 0.13484737 | Q16: =Q4-Q8 -> 8295.1006 | R16: =Q16/M16-1 -> -0.10018271 | S16: =S4-S8 -> 7657.3267 | T16: =S16/M16-1 -> -0.16936572 | U16: =S16/Q16 -> 0.92311438 | V16: 全国不含吴慧玲 | X16: =X4-X8 -> 7658.8531 | Y16: ='[1]consumption-2022-2025 retrend'!$I$257 -> -0.11168579 | Z16: 10790 | AA16: =Z16/X16-1 -> 0.40882713 | AB16: =AB4-AB8 -> 8270 | AC16: =AB16/X16-1 -> 0.079796141 | AF16: =AD16/AB16 -> 0 | AH16: =AH4-AH8 -> 26070.207 | AI16: =AH16/'[2]consumption-2022-2025 retrend'!$S$136-1 -> -0.095222263 | AJ16: =F16+O16+Z16 -> 31777.761 | AK16: =AJ16/AH16-1 -> 0.21893012 | AL16: =F16+Q16+AB16 -> 27091.101 | AM16: =AL16/AH16-1 -> 0.039159396 | AP16: =AN16/AJ16 -> 0
B21: 开单 | F21: 门店按自然月下指标，按自然月考核 | Q21: 门店按自然月下指标，按自然月考核 | AB21: 门店按自然月下指标，按自然月考核 | AL21: 门店按自然月下指标，按自然月考核
B22: YesSkin | D22: 2024年4月实际 | F22: 2025年4月指标 | H22: 2025年4月实际（自然月） | K22: YesSkin | M22: 2024年5月实际 | O22: 2025年5月指标 | Q22: 2025年5月指标-0428 | S22: 2025年5月实际（自然月） | V22: YesSkin | X22: 2024年6月实际 | Z22: 2025年6月指标-0326 | AB22: 2025年6月指标-0520 | AD22: 2025年6月实际（自然月） | AH22: 2024年二季度 | AJ22: 2025年二季度指标-0326 | AL22: 2025年二季度指标-调整 | AN22: 2025年二季度实际
D23: 4月开单 | E23: 增幅 | F23: 4月开单 | G23: 增幅 | H23: 4月开单 | I23: Evl% | J23: 指标达成率 | M23: 5月开单 | N23: 增幅 | O23: 5月开单 | P23: 增幅 | Q23: 5月开单 | R23: 增幅 | S23: 5月开单 | T23: Evl% | U23: 指标达成率 | X23: 6月开单 | Y23: 增幅 | Z23: 6月开单 | AA23: 增幅 | AB23: 6月开单 | AC23: 增幅 | AD23: 6月开单 | AE23: Evl% | AF23: 指标达成率 | AH23: 二季度开单 | AI23: 增幅 | AJ23: 二季度开单 | AK23: 增幅 | AL23: 二季度开单 | AM23: 增幅 | AN23: 二季度开单 | AO23: 增幅
B24: National Total | D24: =D25+D32 -> 9535.8473 | E24: ='[1]billing 2022-2025 retrend'!$G$246 -> -0.10840249 | F24: =F25+F32 -> 9520 | G24: =F24/D24-1 -> -0.001661866 | H24: =H25+H32 -> 8640.1224 | I24: =H24/D24-1 -> -0.093932388 | J24: =H24/F24 -> 0.90757588 | K24: National Total | M24: =M25+M32 -> 9057.9313 | N24: ='[1]billing 2022-2025 retrend'!$H$246 -> -0.14860763 | O24: =O25+O32 -> 10668.206 | P24: =O24/M24-1 -> 0.17777506 | Q24: =Q25+Q32 -> 8300 | R24: =Q24/O24-1 -> -0.22198725 | S24: =S25+S32 -> 8002.3672 | T24: =S24/M24-1 -> -0.11653479 | U24: =S24/Q24 -> 0.96414062 | V24: National Total | X24: =X25+X32 -> 9458.2973 | Y24: ='[1]billing 2022-2025 retrend'!$I$246 -> -0.16247701 | Z24: 11110 | AA24: =Z24/X24-1 -> 0.17463003 | AB24: =AB25+AB32 -> 8300 | AC24: =AB24/X24-1 -> -0.12246361 | AF24: =AD24/AB24 -> 0 | AH24: =AH25+AH32 -> 28052.076 | AI24: =AH24/'[2]billing 2022-2025 retrend'!$S$125-1 -> -0.14022896 | AJ24: =AJ25+AJ32 -> 31298.206 | AK24: =AJ24/AH24-1 -> 0.11571799 | AL24: =AL25+AL32 -> 26120 | AM24: =AL24/AH24-1 -> -0.068874612 | AP24: 指标达成率
B25: HZ Total | D25: =D26+D27+D30+D31 -> 7893.3375 | E25: ='[1]billing 2022-2025 retrend'!$G$222 -> -0.082502004 | F25: =F26+F27+F30+F31 -> 7020 | G25: =F25/D25-1 -> -0.11064236 | H25: =H26+H27+H30+H31 -> 6926.2498 | I25: =H25/D25-1 -> -0.12251949 | J25: =H25/F25 -> 0.98664527 | K25: HZ Total | M25: =M26+M27+M30+M31 -> 6951.1752 | N25: ='[1]billing 2022-2025 retrend'!$H$222 -> -0.23488214 | O25: =O26+O27+O30+O31 -> 7714.2056 | P25: =O25/M25-1 -> 0.10976998 | Q25: =Q26+Q27+Q30+Q31 -> 6800 | R25: =Q25/O25-1 -> -0.11850936 | S25: =S26+S27+S30+S31 -> 6079.1612 | T25: =S25/M25-1 -> -0.12544843 | U25: =S25/Q25 -> 0.89399429 | V25: HZ Total | X25: =X26+X27+X30+X31 -> 7711.9234 | Y25: ='[1]billing 2022-2025 retrend'!$I$222 -> -0.15510112 | Z25: 7810 | AA25: =Z25/X25-1 -> 0.012717529 | AB25: =AB26+AB27+AB30+AB31 -> 6350 | AC25: =AB25/X25-1 -> -0.1765997 | AF25: =AD25/AB25 -> 0 | AH25: =AH26+AH27+AH30+AH31 -> 22556.436 | AI25: =AH25/'[2]billing 2022-2025 retrend'!$S$101-1 -> -0.15883923 | AJ25: =AJ26+AJ27+AJ30+AJ31 -> 22544.206 | AK25: =AJ25/AH25-1 -> -0.00054221616 | AL25: =AL26+AL27+AL30+AL31 -> 20170 | AM25: =AL25/AH25-1 -> -0.10579845 | AP25: =AN25/AJ25 -> 0
B26: 杭州时尚 | C26: HZ Fashion | D26: ='[1]billing 2022-2025 retrend'!$G$224 -> 3211.7033 | E26: ='[1]billing 2022-2025 retrend'!$G$225 -> -0.015688796 | F26: 3500 | G26: =F26/D26-1 -> 0.089764415 | H26: 3410.7517 | I26: =H26/D26-1 -> 0.061975952 | J26: =H26/F26 -> 0.97450049 | K26: 杭州时尚 | L26: HZ Fashion | M26: ='[1]billing 2022-2025 retrend'!$H$224 -> 2370.415 | N26: ='[1]billing 2022-2025 retrend'!$H$225 -> -0.25613069 | O26: 3400 | P26: =O26/M26-1 -> 0.43434801 | Q26: 3300 | R26: =Q26/O26-1 -> -0.029411765 | S26: 2771.9905 | T26: =S26/M26-1 -> 0.16941147 | U26: =S26/Q26 -> 0.83999711 | V26: 杭州时尚 | W26: HZ Fashion | X26: ='[1]billing 2022-2025 retrend'!$I$224 -> 2877.3127 | Y26: ='[1]billing 2022-2025 retrend'!$I$225 -> -0.22200402 | Z26: 3500 | AA26: =Z26/X26-1 -> 0.2164128 | AB26: 3100 | AC26: =AB26/X26-1 -> 0.077394191 | AF26: =AD26/AB26 -> 0 | AH26: =D26+M26+X26 -> 8459.431 | AI26: =AH26/'[2]billing 2022-2025 retrend'!$S$104-1 -> -0.16638277 | AJ26: =F26+O26+Z26 -> 10400 | AK26: =AJ26/AH26-1 -> 0.2293971 | AL26: =F26+Q26+AB26 -> 9900 | AM26: =AL26/AH26-1 -> 0.17029147 | AP26: =AN26/AJ26 -> 0
B27: 杭州悦容（西子） | C27: HZ Ruerong | D27: ='[1]billing 2022-2025 retrend'!$G$227 -> 2974.6705 | E27: ='[1]billing 2022-2025 retrend'!$G$228 -> -0.071485432 | F27: 2300 | G27: =F27/D27-1 -> -0.22680511 | H27: 2245.2586 | I27: =H27/D27-1 -> -0.24520762 | J27: =H27/F27 -> 0.9761994 | K27: 杭州悦容（西子） | L27: HZ Ruerong | M27: ='[1]billing 2022-2025 retrend'!$H$227 -> 3512.6178 | N27: ='[1]billing 2022-2025 retrend'!$H$228 -> 0.14147909 | O27: 2939.0156 | P27: =O27/M27-1 -> -0.16329763 | Q27: 2500 | R27: =Q27/O27-1 -> -0.14937506 | S27: 2067.3816 | T27: =S27/M27-1 -> -0.41144134 | U27: =S27/Q27 -> 0.82695266 | V27: 杭州悦容（西子） | W27: HZ Ruerong | X27: ='[1]billing 2022-2025 retrend'!$I$227 -> 3318.0577 | Y27: ='[1]billing 2022-2025 retrend'!$I$228 -> -0.10615619 | Z27: 2800 | AA27: =Z27/X27-1 -> -0.15613281 | AB27: 2100 | AC27: =AB27/X27-1 -> -0.36709961 | AF27: =AD27/AB27 -> 0 | AH27: =D27+M27+X27 -> 9805.3459 | AI27: =AH27/'[2]billing 2022-2025 retrend'!$S$107-1 -> -0.018784543 | AJ27: =F27+O27+Z27 -> 8039.0156 | AK27: =AJ27/AH27-1 -> -0.18013952 | AL27: =F27+Q27+AB27 -> 6900 | AM27: =AL27/AH27-1 -> -0.29630224 | AP27: =AN27/AJ27 -> 0
B28: Wu huiling | D28: ='[1]billing 2022-2025 retrend'!$G$250 -> 701.37015 | E28: ='[1]billing 2022-2025 retrend'!$G$251 -> -0.11983641 | F28: 300 | H28: 462.4129 | K28: Wu huiling | M28: ='[1]billing 2022-2025 retrend'!$H$250 -> 557.928 | N28: ='[1]billing 2022-2025 retrend'!$H$251 -> -0.44389281 | O28: ='[1]0225 SRI03'!$H$201 -> 454.8994 | Q28: ='[1]0225 SRI03'!$H$201 -> 454.8994 | S28: 463.5532 | T28: =S28/M28-1 -> -0.16915229 | V28: Wu huiling | X28: ='[1]billing 2022-2025 retrend'!$I$250 -> 538.73723 | Y28: ='[1]billing 2022-2025 retrend'!$I$251 -> -0.41327193 | Z28: 300 | AB28: =AB8 -> 480 | AH28: =D28+M28+X28 -> 1798.0354 | AI28: =AH28/'[2]billing 2022-2025 retrend'!$S$130-1 -> -0.33855478 | AJ28: =F28+O28+Z28 -> 1054.8994 | AL28: =F28+Q28+AB28 -> 1234.8994 | AP28: =AN28/AJ28 -> 0
B29: 杭州悦容（西子） excl. Wu huiling | D29: =D27-D28 -> 2273.3003 | E29: ='[1]billing 2022-2025 retrend'!$G$253 -> -0.055477146 | F29: =F27-F28 -> 2000 | G29: =F29/D29-1 -> -0.12022183 | H29: =H27-H28 -> 1782.8457 | I29: =H29/D29-1 -> -0.21574563 | J29: =H29/F29 -> 0.89142286 | K29: 杭州悦容（西子） excl. Wu huiling | M29: =M27-M28 -> 2954.6898 | N29: ='[1]billing 2022-2025 retrend'!$H$253 -> 0.42464932 | O29: =O27-O28 -> 2484.1162 | P29: =O29/M29-1 -> -0.15926327 | Q29: =Q27-Q28 -> 2045.1006 | R29: =Q29/O29-1 -> -0.17672911 | S29: =S27-S28 -> 1603.8284 | T29: =S29/M29-1 -> -0.45719228 | U29: =S29/Q29 -> 0.78422961 | V29: 杭州悦容（西子） excl. Wu huiling | X29: =X27-X28 -> 2779.3205 | Y29: ='[1]billing 2022-2025 retrend'!$I$253 -> -0.0052242149 | Z29: 2500 | AA29: =Z29/X29-1 -> -0.10049955 | AB29: =AB27-AB28 -> 1620 | AC29: =AB29/X29-1 -> -0.41712371 | AF29: =AD29/AB29 -> 0 | AH29: =D29+M29+X29 -> 8007.3106 | AI29: =AH29/'[2]billing 2022-2025 retrend'!$S$132-1 -> 0.100704 | AJ29: =F29+O29+Z29 -> 6984.1162 | AL29: =F29+Q29+AB29 -> 5665.1006 | AM29: =AL29/AH29-1 -> -0.29250895
B30: 杭州素颜丰潭（城西） | C30: HZ Suyan Fengtan(West) | D30: ='[1]billing 2022-2025 retrend'!$G$230 -> 894.25425 | E30: ='[1]billing 2022-2025 retrend'!$G$231 -> -0.249692 | F30: 550 | G30: =F30/D30-1 -> -0.38496239 | H30: 578.3779 | I30: =H30/D30-1 -> -0.35322879 | J30: =H30/F30 -> 1.0515962 | K30: 杭州素颜丰潭（城西） | L30: HZ Suyan Fengtan(West) | M30: ='[1]billing 2022-2025 retrend'!$H$230 -> 442.59879 | N30: ='[1]billing 2022-2025 retrend'!$H$231 -> -0.77449854 | O30: 514.70129 | P30: =O30/M30-1 -> 0.16290714 | Q30: 450 | R30: =Q30/O30-1 -> -0.12570649 | S30: 502.93147 | T30: =S30/M30-1 -> 0.13631461 | U30: =S30/Q30 -> 1.1176255 | V30: 杭州素颜丰潭（城西） | W30: HZ Suyan Fengtan(West) | X30: ='[1]billing 2022-2025 retrend'!$I$230 -> 861.0851 | Y30: ='[1]billing 2022-2025 retrend'!$I$231 -> -0.034371096 | Z30: 610 | AA30: =Z30/X30-1 -> -0.2915915 | AB30: 500 | AC30: =AB30/X30-1 -> -0.4193373 | AF30: =AD30/AB30 -> 0 | AH30: =D30+M30+X30 -> 2197.9381 | AI30: =AH30/'[2]billing 2022-2025 retrend'!$S$110-1 -> -0.4568051 | AJ30: =F30+O30+Z30 -> 1674.7013 | AK30: =AJ30/AH30-1 -> -0.23805804 | AL30: =F30+Q30+AB30 -> 1500 | AM30: =AL30/AH30-1 -> -0.31754221 | AP30: =AN30/AJ30 -> 0
B31: 杭州新芽（万通） | C31: HZ Xinya | D31: ='[1]billing 2022-2025 retrend'!$G$233 -> 812.70942 | E31: ='[1]billing 2022-2025 retrend'!$G$234 -> -0.13969889 | F31: 670 | G31: =F31/D31-1 -> -0.1755971 | H31: 691.86158 | I31: =H31/D31-1 -> -0.14869748 | J31: =H31/F31 -> 1.0326292 | K31: 杭州新芽（万通） | L31: HZ Xinya | M31: ='[1]billing 2022-2025 retrend'!$H$233 -> 625.54362 | N31: ='[1]billing 2022-2025 retrend'!$H$234 -> -0.2713698 | O31: 860.48865 | P31: =O31/M31-1 -> 0.37558537 | Q31: 550 | R31: =Q31/O31-1 -> -0.36082829 | S31: 736.85759 | T31: =S31/M31-1 -> 0.17794757 | U31: =S31/Q31 -> 1.3397411 | V31: 杭州新芽（万通） | W31: HZ Xinya | X31: ='[1]billing 2022-2025 retrend'!$I$233 -> 655.4679 | Y31: ='[1]billing 2022-2025 retrend'!$I$234 -> -0.20588511 | Z31: 900 | AA31: =Z31/X31-1 -> 0.37306495 | AB31: 650 | AC31: =AB31/X31-1 -> -0.0083419798 | AF31: =AD31/AB31 -> 0 | AH31: =D31+M31+X31 -> 2093.7209 | AI31: =AH31/'[2]billing 2022-2025 retrend'!$S$113-1 -> -0.20348654 | AJ31: =F31+O31+Z31 -> 2430.4887 | AK31: =AJ31/AH31-1 -> 0.16084651 | AL31: =F31+Q31+AB31 -> 1870 | AM31: =AL31/AH31-1 -> -0.10685328 | AP31: =AN31/AJ31 -> 0
B32: outsize HZ Total | D32: =D33+D34 -> 1642.5098 | E32: ='[1]billing 2022-2025 retrend'!$G$237 -> -0.21490887 | F32: =F33+F34 -> 2500 | G32: =F32/D32-1 -> 0.52206091 | H32: =H33+H34 -> 1713.8726 | I32: =H32/D32-1 -> 0.043447393 | J32: =H32/F32 -> 0.68554904 | K32: outsize HZ Total | M32: =M33+M34 -> 2106.7561 | N32: ='[1]billing 2022-2025 retrend'!$H$237 -> 0.35582249 | O32: =O33+O34 -> 2954 | P32: =O32/M32-1 -> 0.40215567 | Q32: =Q33+Q34 -> 1500 | R32: =Q32/O32-1 -> -0.49221395 | S32: =S33+S34 -> 1923.206 | T32: =S32/M32-1 -> -0.087124514 | U32: =S32/Q32 -> 1.2821373 | V32: outsize HZ Total | X32: =X33+X34 -> 1746.3739 | Y32: ='[1]billing 2022-2025 retrend'!$I$237 -> -0.19356583 | Z32: 3300 | AA32: =Z32/X32-1 -> 0.88962974 | AB32: =AB33+AB34 -> 1950 | AC32: =AB32/X32-1 -> 0.11659939 | AF32: =AD32/AB32 -> 0 | AH32: =AH33+AH34 -> 5495.6398 | AI32: =AH32/'[2]billing 2022-2025 retrend'!$S$116-1 -> -0.054356607 | AJ32: =AJ33+AJ34 -> 8754 | AK32: =AJ32/AH32-1 -> 0.59289916 | AL32: =AL33+AL34 -> 5950 | AM32: =AL32/AH32-1 -> 0.08267649 | AP32: =AN32/AJ32 -> 0
B33: 上海诊所 | C33: SH Clinic | D33: ='[1]billing 2022-2025 retrend'!$G$239 -> 962.5089 | E33: ='[1]billing 2022-2025 retrend'!$G$240 -> -0.24720286 | F33: 1900 | G33: =F33/D33-1 -> 0.97400772 | H33: 1178.1575 | I33: =H33/D33-1 -> 0.22404843 | J33: =H33/F33 -> 0.6200829 | K33: 上海诊所 | L33: SH Clinic | M33: ='[1]billing 2022-2025 retrend'!$H$239 -> 1374.423 | N33: ='[1]billing 2022-2025 retrend'!$H$240 -> 0.48015992 | O33: 2200 | P33: =O33/M33-1 -> 0.60067168 | Q33: 1100 | R33: =Q33/O33-1 -> -0.5 | S33: 1348.1608 | T33: =S33/M33-1 -> -0.019107793 | U33: =S33/Q33 -> 1.2256008 | V33: 上海诊所 | W33: SH Clinic | X33: ='[1]billing 2022-2025 retrend'!$I$239 -> 1093.6299 | Y33: ='[1]billing 2022-2025 retrend'!$I$240 -> -0.18283451 | Z33: 2500 | AA33: =Z33/X33-1 -> 1.2859652 | AB33: 1350 | AC33: =AB33/X33-1 -> 0.23442123 | AF33: =AD33/AB33 -> 0 | AH33: =D33+M33+X33 -> 3430.5619 | AI33: =AH33/'[2]billing 2022-2025 retrend'!$S$119-1 -> -0.032407623 | AJ33: =F33+O33+Z33 -> 6600 | AK33: =AJ33/AH33-1 -> 0.92388311 | AL33: =F33+Q33+AB33 -> 4350 | AM33: =AL33/AH33-1 -> 0.26801387 | AP33: =AN33/AJ33 -> 0
B34: 苏州诊所 | C34: Suzhuo Clinic | D34: ='[1]billing 2022-2025 retrend'!$G$242 -> 680.00093 | E34: ='[1]billing 2022-2025 retrend'!$G$243 -> -0.16415555 | F34: 600 | G34: =F34/D34-1 -> -0.11764827 | H34: 535.71509 | I34: =H34/D34-1 -> -0.21218477 | J34: =H34/F34 -> 0.89285848 | K34: 苏州诊所 | L34: Suzhuo Clinic | M34: ='[1]billing 2022-2025 retrend'!$H$242 -> 732.33307 | N34: ='[1]billing 2022-2025 retrend'!$H$243 -> 0.17118109 | O34: 754 | P34: =O34/M34-1 -> 0.029586169 | Q34: 400 | R34: =Q34/O34-1 -> -0.46949602 | S34: 575.04516 | T34: =S34/M34-1 -> -0.21477647 | U34: =S34/Q34 -> 1.4376129 | V34: 苏州诊所 | W34: Suzhuo Clinic | X34: ='[1]billing 2022-2025 retrend'!$I$242 -> 652.74394 | Y34: ='[1]billing 2022-2025 retrend'!$I$243 -> -0.21092734 | Z34: 800 | AA34: =Z34/X34-1 -> 0.22559545 | AB34: 600 | AC34: =AB34/X34-1 -> -0.080803416 | AF34: =AD34/AB34 -> 0 | AH34: =D34+M34+X34 -> 2065.0779 | AI34: =AH34/'[2]billing 2022-2025 retrend'!$S$122-1 -> -0.088697635 | AJ34: =F34+O34+Z34 -> 2154 | AK34: =AJ34/AH34-1 -> 0.043059905 | AL34: =F34+Q34+AB34 -> 1600 | AM34: =AL34/AH34-1 -> -0.22521084 | AP34: =AN34/AJ34 -> 0
B35: 杭州不含吴慧玲 | D35: =D25-D28 -> 7191.9673 | E35: ='[1]billing 2022-2025 retrend'!$G$255 -> -0.0786909 | F35: =F25-F28 -> 6720 | G35: =F35/D35-1 -> -0.06562423 | H35: =H25-H28 -> 6463.8369 | I35: =H35/D35-1 -> -0.10124218 | J35: =H35/F35 -> 0.96188049 | K35: 杭州不含吴慧玲 | M35: =M25-M28 -> 6393.2472 | N35: ='[1]billing 2022-2025 retrend'!$H$255 -> -0.20893567 | O35: =O25-O28 -> 7259.3062 | P35: =O35/M35-1 -> 0.13546465 | Q35: =Q25-Q28 -> 6345.1006 | R35: =Q35/O35-1 -> -0.12593567 | S35: =S25-S28 -> 5615.608 | T35: =S35/M35-1 -> -0.12163447 | U35: =S35/Q35 -> 0.88503056 | V35: 杭州不含吴慧玲 | X35: =X25-X28 -> 7173.1862 | Y35: ='[1]billing 2022-2025 retrend'!$I$255 -> -0.12622528 | Z35: 7510 | AA35: =Z35/X35-1 -> 0.046954566 | AB35: =AB25-AB28 -> 5870 | AC35: =AB35/X35-1 -> -0.18167466 | AF35: =AD35/AB35 -> 0 | AH35: =AH25-AH28 -> 20758.401 | AI35: =AH35/'[2]billing 2022-2025 retrend'!$S$134-1 -> -0.13856623 | AJ35: =F35+O35+Z35 -> 21489.306 | AK35: =AJ35/AH35-1 -> 0.035210107 | AL35: =F35+Q35+AB35 -> 18935.101 | AM35: =AL35/AH35-1 -> -0.087834323 | AP35: =AN35/AJ35 -> 0
B36: 全国不含吴慧玲 | D36: =D24-D28 -> 8834.4771 | E36: ='[1]billing 2022-2025 retrend'!$G$257 -> -0.10748201 | F36: =F24-F28 -> 9220 | G36: =F36/D36-1 -> 0.043638446 | H36: =H24-H28 -> 8177.7095 | I36: =H36/D36-1 -> -0.074341429 | J36: =H36/F36 -> 0.88695331 | K36: 全国不含吴慧玲 | M36: =M24-M28 -> 8500.0033 | N36: ='[1]billing 2022-2025 retrend'!$H$257 -> -0.11786234 | O36: =O24-O28 -> 10213.306 | P36: =O36/M36-1 -> 0.20156497 | Q36: =Q24-Q28 -> 7845.1006 | R36: =Q36/O36-1 -> -0.23187453 | S36: =S24-S28 -> 7538.8139 | T36: =S36/M36-1 -> -0.11308105 | U36: =S36/Q36 -> 0.96095823 | V36: 全国不含吴慧玲 | X36: =X24-X28 -> 8919.56 | Y36: ='[1]billing 2022-2025 retrend'!$I$257 -> -0.14028116 | Z36: 10810 | AA36: =Z36/X36-1 -> 0.21194319 | AB36: =AB24-AB28 -> 7820 | AC36: =AB36/X36-1 -> -0.12327514 | AF36: =AD36/AB36 -> 0 | AH36: =AH24-AH28 -> 26254.04 | AI36: =AH36/'[2]billing 2022-2025 retrend'!$S$136-1 -> -0.12220371 | AJ36: =F36+O36+Z36 -> 30243.306 | AK36: =AJ36/AH36-1 -> 0.15194864 | AL36: =F36+Q36+AB36 -> 24885.101 | AM36: =AL36/AH36-1 -> -0.052142064 | AP36: =AN36/AJ36 -> 0
B40: 开单vs消耗 | D40: 开单/消耗 | F40: 开单/消耗 | H40: 开单/消耗
B41: YesSkin | D41: 2024年4月实际 | F41: 2025年4月指标 | H41: 2025年4月实际（自然月） | K41: YesSkin | M41: 2024年5月实际 | O41: 2025年5月指标 | Q41: 2025年5月指标-0428 | S41: 2025年5月实际（自然月） | V41: YesSkin | X41: 2024年6月实际 | Z41: 2025年6月指标-0326 | AB41: 2025年6月指标-0520 | AD41: 2025 年6月实际（自然月） | AH41: 2024年二季度 | AJ41: 2025年二季度指标-0326 | AL41: 2025年二季度指标-0520 | AN41: 2025年一季度实际
D42: 实际比例 | E42: 增幅 | F42: 指标比例 | G42: 增幅 | H42: 门店实际比例 | I42: 增幅 | M42: 实际比例 | N42: 增幅 | O42: 指标比例 | P42: 增幅 | Q42: 指标比例 | R42: 增幅 | S42: 实际比例 | T42: 增幅 | X42: 实际比例 | Y42: 增幅 | Z42: 指标比例 | AA42: 增幅 | AB42: 指标比例 | AC42: 增幅 | AD42: 门店实际比例 | AE42: 增幅 | AH42: 实际比例 | AI42: 增幅 | AJ42: 指标比例 | AK42: 增幅 | AL42: 指标比例 | AM42: 增幅 | AN42: 门店实际比例 | AO42: 增幅
B43: National Total | D43: =D24/D4 -> 0.96442635 | F43: =F24/F4 -> 0.87936449 | H43: =H24/H4 -> 1.0474002 | K43: National Total | M43: =M24/M4 -> 0.92815483 | O43: =O24/O4 -> 0.9772408 | Q43: =Q24/Q4 -> 0.94857143 | S43: =S24/S4 -> 0.98920498 | V43: National Total | X43: =X24/X4 -> 1.1597868 | AB43: =AB24/AB4 -> 0.94857143 | AH43: =AH24/AH4 -> 1.0089999 | AJ43: =AJ24/AJ4 -> 0.95326439 | AL43: =AL24/AL4 -> 0.92212102
B44: HZ Total | D44: =D25/D5 -> 1.0006197 | F44: =F25/F5 -> 0.86881188 | H44: =H25/H5 -> 1.0165698 | K44: HZ Total | M44: =M25/M5 -> 0.91261055 | O44: =O25/O5 -> 1.0088333 | Q44: =Q25/Q5 -> 0.97841727 | S44: =S25/S5 -> 1.0043804 | V44: HZ Total | X44: =X25/X5 -> 1.2380601 | AB44: =AB25/AB5 -> 0.93382353 | AH44: =AH25/AH5 -> 1.0378271 | AJ44: =AJ25/AJ5 -> 0.95661437 | AL44: =AL25/AL5 -> 0.92395786
B45: 杭州时尚 | C45: HZ Fashion | D45: =D26/D6 -> 0.90746001 | F45: =F26/F6 -> 0.8974359 | H45: =H26/H6 -> 0.96220871 | K45: 杭州时尚 | L45: HZ Fashion | M45: =M26/M6 -> 0.84128981 | O45: =O26/O6 -> 1.0252787 | Q45: =Q26/Q6 -> 1 | S45: =S26/S6 -> 0.93523883 | V45: 杭州时尚 | W45: HZ Fashion | X45: =X26/X6 -> 1.0093632 | AB45: =AB26/AB6 -> 0.92537313 | AH45: =AH26/AH6 -> 0.91876028 | AJ45: =AJ26/AJ6 -> 0.97049586 | AL45: =AL26/AL6 -> 0.93838863
B46: 杭州悦容（西子） | C46: HZ Ruerong | D46: =D27/D7 -> 1.002943 | F46: =F27/F7 -> 0.85185185 | H46: =H27/H7 -> 0.9498754 | K46: 杭州悦容（西子） | L46: HZ Ruerong | M46: =M27/M7 -> 0.99817904 | O46: =O27/O7 -> 1.0496484 | Q46: =Q27/Q7 -> 1 | S46: =S27/S7 -> 0.99623578 | V46: 杭州悦容（西子） | W46: HZ Ruerong | X46: =X27/X7 -> 1.4079707 | AB46: =AB27/AB7 -> 0.93333333 | AH46: =AH27/AH7 -> 1.1090024 | AJ46: =AJ27/AJ7 -> 0.9685561 | AL46: =AL27/AL7 -> 0.9261745
B47: Wu huiling | D47: =D28/D8 -> 1.0093389 | F47: =F28/F8 -> 1 | H47: =H28/H8 -> 0.95154744 | K47: Wu huiling | M47: =M28/M8 -> 1.0323901 | O47: =O28/O8 -> 1 | Q47: =Q28/Q8 -> 1 | S47: =S28/S8 -> 1.0721243 | V47: Wu huiling | X47: =X28/X8 -> 1.085397 | AB47: =AB28/AB8 -> 1 | AH47: =AH28/AH8 -> 1.0383336 | AJ47: =AJ28/AJ8 -> 1 | AL47: =AL28/AL8 -> 1
B48: 杭州悦容（西子） excl. Wu huiling | D48: =D29/D9 -> 1.0009861 | F48: =F29/F9 -> 0.83333333 | H48: =H29/H9 -> 0.94944269 | K48: 杭州悦容（西子） excl. Wu huiling | M48: =M29/M9 -> 0.99197194 | O48: =O29/O9 -> 1.0592792 | Q48: =Q29/Q9 -> 1 | S48: =S29/S9 -> 0.97626296 | V48: 杭州悦容（西子） excl. Wu huiling | X48: =X29/X9 -> 1.4940384 | AB48: =AB29/AB9 -> 0.91525424 | AH48: =AH29/AH9 -> 1.126214 | AJ48: =AJ29/AJ9 -> 0.96397781 | AL48: =AL29/AL9 -> 0.91150586
B49: 杭州素颜丰潭（城西） | C49: HZ Suyan Fengtan(West) | D49: =D30/D10 -> 1.3525173 | F49: =F30/F10 -> 0.80882353 | H49: =H30/H10 -> 1.4948885 | K49: 杭州素颜丰潭（城西） | L49: HZ Suyan Fengtan(West) | M49: =M30/M10 -> 0.87855457 | O49: =O30/O10 -> 0.76821088 | Q49: =Q30/Q10 -> 0.9 | S49: =S30/S10 -> 1.1213129 | V49: 杭州素颜丰潭（城西） | W49: HZ Suyan Fengtan(West) | X49: =X30/X10 -> 1.6033469 | AB49: =AB30/AB10 -> 0.98039216 | AH49: =AH30/AH10 -> 1.2913756 | AJ49: =AJ30/AJ10 -> 0.83735065 | AL49: =AL30/AL10 -> 0.88757396
B50: 杭州新芽（万通） | C50: HZ Xinya | D50: =D31/D11 -> 1.1254694 | F50: =F31/F11 -> 0.8375 | H50: =H31/H11 -> 1.3356417 | K50: 杭州新芽（万通） | L50: HZ Xinya | M50: =M31/M11 -> 0.80569682 | O50: =O31/O11 -> 1 | Q50: =Q31/Q11 -> 0.84615385 | S50: =S31/S11 -> 1.3041815 | V50: 杭州新芽（万通） | W50: HZ Xinya | X50: =X31/X11 -> 1.3522126 | AB50: =AB31/AB11 -> 0.94202899 | AH50: =AH31/AH11 -> 1.0557046 | AJ50: =AJ31/AJ11 -> 0.95295019 | AL50: =AL31/AL11 -> 0.87383178
B51: outsize HZ Total | D51: =D32/D12 -> 0.82161008 | F51: =F32/F12 -> 0.91041515 | H51: =H32/H12 -> 1.1937054 | K51: outsize HZ Total | M51: =M32/M12 -> 0.98342226 | O51: =O32/O12 -> 0.90336391 | Q51: =Q32/Q12 -> 0.83333333 | S51: =S32/S12 -> 0.94411449 | V51: outsize HZ Total | X51: =X32/X12 -> 0.90665825 | AB51: =AB32/AB12 -> 1 | AH51: =AH32/AH12 -> 0.90573966 | AJ51: =AJ32/AJ12 -> 0.94474423 | AL51: =AL32/AL12 -> 0.91594828
B52: 上海诊所 | C52: SH Clinic | D52: =D33/D13 -> 0.76815096 | F52: =F33/F13 -> 0.95 | H52: =H33/H13 -> 1.1411191 | K52: 上海诊所 | L52: SH Clinic | M52: =M33/M13 -> 0.94107189 | O52: =O33/O13 -> 0.88 | Q52: =Q33/Q13 -> 0.91666667 | S52: =S33/S13 -> 0.94550599 | V52: 上海诊所 | W52: SH Clinic | X52: =X33/X13 -> 0.82927249 | AB52: =AB33/AB13 -> 1 | AH52: =AH33/AH13 -> 0.85077268 | AJ52: =AJ33/AJ13 -> 0.94285714 | AL52: =AL33/AL13 -> 0.95604396
B53: 苏州诊所 | C53: Suzhuo Clinic | D53: =D34/D14 -> 0.91138896 | F53: =F34/F14 -> 0.80428954 | H53: =H34/H14 -> 1.3283277 | K53: 苏州诊所 | L53: Suzhuo Clinic | M53: =M34/M14 -> 1.0741434 | O53: =O34/O14 -> 0.97922078 | Q53: =Q34/Q14 -> 0.66666667 | S53: =S34/S14 -> 0.94086821 | V53: 苏州诊所 | W53: Suzhuo Clinic | X53: =X34/X14 -> 1.0746823 | AB53: =AB34/AB14 -> 1 | AH53: =AH34/AH14 -> 1.01464 | AJ53: =AJ34/AJ14 -> 0.9505737 | AL53: =AL34/AL14 -> 0.82219938
B54: 杭州不含吴慧玲 | D54: =D35/D15 -> 0.99977741 | F54: =F35/F15 -> 0.86375321 | H54: =H35/H15 -> 1.0215636 | K54: 杭州不含吴慧玲 | M54: =M35/M15 -> 0.90346298 | O54: =O35/O15 -> 1.0093921 | Q54: =Q35/Q15 -> 0.97690567 | S54: =S35/S15 -> 0.99916885 | V54: 杭州不含吴慧玲 | X54: =X35/X15 -> 1.2512781 | AB54: =AB35/AB15 -> 0.92879747 | AH54: =AH35/AH15 -> 1.0377833 | AJ54: =AJ35/AJ15 -> 0.95458132 | AL54: =AL35/AL15 -> 0.91939831
B55: 全国不含吴慧玲 | D55: =D36/D16 -> 0.96103139 | F55: =F36/F16 -> 0.87592628 | H55: =H36/H16 -> 1.0534004 | K55: 全国不含吴慧玲 | M55: =M36/M16 -> 0.92204426 | O55: =O36/O16 -> 0.97625118 | Q55: =Q36/Q16 -> 0.94575111 | S55: =S36/S16 -> 0.98452297 | V55: 全国不含吴慧玲 | X55: =X36/X16 -> 1.1646078 | AB55: =AB36/AB16 -> 0.94558646 | AH55: =AH36/AH16 -> 1.0070515 | AJ55: =AJ36/AJ16 -> 0.95171295 | AL55: =AL36/AL16 -> 0.91857105

Sheet 2025第三季度指标
B1: 消耗 | H1: 门店按自然月下指标，按自然月考核 | O1: 消耗 | U1: 门店按自然月下指标，按自然月考核
B2: YesSkin | D2: 2024年7月实际 | F2: 2025年7月SRI05 | H2: 2025年7月指标 | J2: 2025年7月实际（自然月） | O2: YesSkin | Q2: 2024年8月实际 | S2: 2025年8月SRI05 | U2: 2025年8月指标 | W2: 2025年8月实际（自然月）
D3: 7月消耗 | E3: 增幅 | F3: 7月消耗 | G3: 增幅 | H3: 7月消耗 | I3: 增幅 | J3: 7月消耗 | K3: Evl% | L3: 指标达成率 | Q3: 8月消耗 | R3: 增幅 | S3: 8月消耗 | T3: 增幅 | U3: 7月消耗 | V3: 增幅 | W3: 7月消耗 | X3: Evl% | Y3: 指标达成率
B4: 全国合计 Total | D4: =D5+D12 -> 6746.5162 | E4: ='[1]consumption-2022-2025 retrend'!$J$246 -> -0.21020031 | F4: =F5+F12 -> 9740.3109 | G4: =F4/D4-1 -> 0.44375415 | H4: =H5+H12 -> 8720 | I4: =H4/D4-1 -> 0.29251894 | K4: =J4/D4-1 -> -1 | L4: =J4/H4 -> 0 | O4: 全国合计 Total | Q4: =Q5+Q12 -> 5046.3487 | R4: ='[1]consumption-2022-2025 retrend'!$K$246 -> -0.33262148 | S4: =S5+S12 -> 9542.2223 | T4: =S4/Q4-1 -> 0.89091616 | U4: =U5+U12 -> 6800 | V4: =U4/Q4-1 -> 0.34750894 | X4: =W4/Q4-1 -> -1 | Y4: =W4/U4 -> 0
B5: 杭州合计 | D5: =D6+D7+D10+D11 -> 5253.9798 | E5: ='[1]consumption-2022-2025 retrend'!$J$222 -> -0.27746654 | F5: =F6+F7+F10+F11 -> 7334.0048 | G5: =F5/D5-1 -> 0.39589513 | H5: =H6+H7+H10+H11 -> 6720 | I5: =H5/D5-1 -> 0.27903042 | K5: =J5/D5-1 -> -1 | L5: =J5/H5 -> 0 | O5: 杭州合计 | Q5: =Q6+Q7+Q10+Q11 -> 4613.6161 | R5: ='[1]consumption-2022-2025 retrend'!$K$222 -> -0.20455406 | S5: =S6+S7+S10+S11 -> 7116.9734 | T5: =S5/Q5-1 -> 0.542602 | U5: =U6+U7+U10+U11 -> 4980 | V5: =U5/Q5-1 -> 0.079413613 | X5: =W5/Q5-1 -> -1 | Y5: =W5/U5 -> 0
B6: 杭州时尚 | C6: HZ Fashion | D6: ='[1]consumption-2022-2025 retrend'!$J$224 -> 2692.0084 | E6: ='[1]consumption-2022-2025 retrend'!$J$225 -> -0.033484248 | F6: ='[2]0503 SRI05V3+PB'!$J$85 -> 3211.5174 | G6: =F6/D6-1 -> 0.19298192 | H6: 3100 | I6: =H6/D6-1 -> 0.15155658 | K6: =J6/D6-1 -> -1 | L6: =J6/H6 -> 0 | O6: 杭州时尚 | P6: HZ Fashion | Q6: ='[1]consumption-2022-2025 retrend'!$K$224 -> 1803.1077 | R6: ='[1]consumption-2022-2025 retrend'!$K$225 -> -0.15183205 | S6: ='[3]0503 SRI05V3+PBV2'!$K$85 -> 2945.918 | T6: =S6/Q6-1 -> 0.63380029 | U6: 2050 | V6: =U6/Q6-1 -> 0.13692596 | X6: =W6/Q6-1 -> -1 | Y6: =W6/U6 -> 0
B7: 杭州悦容（西子） | C7: HZ Ruerong | D7: ='[1]consumption-2022-2025 retrend'!$J$227 -> 1654.4644 | E7: ='[1]consumption-2022-2025 retrend'!$J$228 -> -0.4626619 | F7: ='[2]0503 SRI05V3+PB'!$J$88 -> 2849.0927 | G7: =F7/D7-1 -> 0.72206341 | H7: 2300 | I7: =H7/D7-1 -> 0.39017795 | K7: =J7/D7-1 -> -1 | L7: =J7/H7 -> 0 | O7: 杭州悦容（西子） | P7: HZ Ruerong | Q7: ='[1]consumption-2022-2025 retrend'!$K$227 -> 1896.4678 | R7: ='[1]consumption-2022-2025 retrend'!$K$228 -> -0.35779816 | S7: ='[3]0503 SRI05V3+PBV2'!$K$88 -> 2921.4007 | T7: =S7/Q7-1 -> 0.54044309 | U7: 1850 | V7: =U7/Q7-1 -> -0.024502283 | X7: =W7/Q7-1 -> -1 | Y7: =W7/U7 -> 0
B8: 吴慧玲 | D8: ='[1]consumption-2022-2025 retrend'!$J$250 -> 549.3416 | E8: ='[1]consumption-2022-2025 retrend'!$J$251 -> -0.49323364 | F8: ='[2]0503 SRI05V3+PB'!$K$111 -> 300 | G8: =F8/D8-1 -> -0.45389171 | H8: 400 | O8: 吴慧玲 | Q8: ='[1]consumption-2022-2025 retrend'!$K$250 -> 431.79264 | R8: ='[1]consumption-2022-2025 retrend'!$K$251 -> -0.5861777 | S8: ='[3]0503 SRI05V3+PBV2'!$K$111 -> 300 | T8: =S8/Q8-1 -> -0.30522206 | U8: ='[3]0625 S2 BOTTOM up & 2026 '!$K$111 -> 300
B9: 杭州悦容（西子） 不含吴慧玲 | D9: =D7-D8 -> 1105.1228 | E9: ='[1]consumption-2022-2025 retrend'!$J$253 -> -0.44605017 | F9: =F7-F8 -> 2549.0927 | G9: =F9/D9-1 -> 1.3066148 | H9: =H7-H8 -> 1900 | I9: =H9/D9-1 -> 0.71926587 | K9: =J9/D9-1 -> -1 | L9: =J9/H9 -> 0 | O9: 杭州悦容（西子） 不含吴慧玲 | Q9: =Q7-Q8 -> 1464.6752 | R9: ='[1]consumption-2022-2025 retrend'!$K$253 -> -0.23301222 | S9: =S7-S8 -> 2621.4007 | T9: =S9/Q9-1 -> 0.78974888 | U9: =U7-U8 -> 1550 | V9: =U9/Q9-1 -> 0.058255136 | X9: =W9/Q9-1 -> -1 | Y9: =W9/U9 -> 0
B10: 杭州素颜丰潭（城西） | C10: HZ Suyan Fengtan(West) | D10: ='[1]consumption-2022-2025 retrend'!$J$230 -> 492.86734 | E10: ='[1]consumption-2022-2025 retrend'!$J$231 -> -0.35331299 | F10: ='[2]0503 SRI05V3+PB'!$J$91 -> 512.98611 | G10: =F10/D10-1 -> 0.040819841 | H10: 560 | I10: =H10/D10-1 -> 0.13620838 | K10: =J10/D10-1 -> -1 | L10: =J10/H10 -> 0 | O10: 杭州素颜丰潭（城西） | P10: HZ Suyan Fengtan(West) | Q10: ='[1]consumption-2022-2025 retrend'!$K$230 -> 353.35318 | R10: ='[1]consumption-2022-2025 retrend'!$K$231 -> 0.047960977 | S10: ='[3]0503 SRI05V3+PBV2'!$K$91 -> 526.95178 | T10: =S10/Q10-1 -> 0.4912892 | U10: 450 | V10: =U10/Q10-1 -> 0.27351337 | X10: =W10/Q10-1 -> -1 | Y10: =W10/U10 -> 0
B11: 杭州新芽（万通） | C11: HZ Xinya | D11: ='[1]consumption-2022-2025 retrend'!$J$233 -> 414.63961 | E11: ='[1]consumption-2022-2025 retrend'!$J$234 -> -0.35734084 | F11: ='[2]0503 SRI05V3+PB'!$J$94 -> 760.40867 | G11: =F11/D11-1 -> 0.83390262 | H11: 760 | I11: =H11/D11-1 -> 0.83291702 | K11: =J11/D11-1 -> -1 | L11: =J11/H11 -> 0 | O11: 杭州新芽（万通） | P11: HZ Xinya | Q11: ='[1]consumption-2022-2025 retrend'!$K$233 -> 560.68737 | R11: ='[1]consumption-2022-2025 retrend'!$K$234 -> 0.46050701 | S11: ='[3]0503 SRI05V3+PBV2'!$K$94 -> 722.70297 | T11: =S11/Q11-1 -> 0.28895888 | U11: 630 | V11: =U11/Q11-1 -> 0.12362082 | X11: =W11/Q11-1 -> -1 | Y11: =W11/U11 -> 0
B12: 杭外合计 | D12: =D13+D14 -> 1492.5364 | E12: ='[1]consumption-2022-2025 retrend'!$J$237 -> 0.17480718 | F12: =F13+F14 -> 2406.306 | G12: =F12/D12-1 -> 0.61222598 | H12: =H13+H14 -> 2000 | I12: =H12/D12-1 -> 0.34000079 | K12: =J12/D12-1 -> -1 | L12: =J12/H12 -> 0 | O12: 杭外合计 | Q12: =Q13+Q14 -> 432.73264 | R12: ='[1]consumption-2022-2025 retrend'!$K$237 -> -0.75432626 | S12: =S13+S14 -> 2425.2489 | T12: =S12/Q12-1 -> 4.6044974 | U12: =U13+U14 -> 1820 | V12: =U12/Q12-1 -> 3.2058302 | X12: =W12/Q12-1 -> -1 | Y12: =W12/U12 -> 0
B13: 上海诊所 | C13: SH Clinic | D13: ='[1]consumption-2022-2025 retrend'!$J$239 -> 949.57078 | E13: ='[1]consumption-2022-2025 retrend'!$J$240 -> 0.30360609 | F13: ='[2]0503 SRI05V3+PB'!$J$100 -> 1729.2966 | G13: =F13/D13-1 -> 0.82113499 | H13: 1500 | I13: =H13/D13-1 -> 0.57966108 | K13: =J13/D13-1 -> -1 | L13: =J13/H13 -> 0 | O13: 上海诊所 | P13: SH Clinic | Q13: ='[1]consumption-2022-2025 retrend'!$K$239 -> 89.0132 | R13: ='[1]consumption-2022-2025 retrend'!$K$240 -> -0.92350935 | S13: ='[3]0503 SRI05V3+PBV2'!$K$100 -> 1724.8752 | T13: =S13/Q13-1 -> 18.377747 | U13: 1400 | V13: =U13/Q13-1 -> 14.728004 | X13: =W13/Q13-1 -> -1 | Y13: =W13/U13 -> 0
B14: 苏州诊所 | C14: Suzhuo Clinic | D14: ='[1]consumption-2022-2025 retrend'!$J$242 -> 542.96565 | E14: ='[1]consumption-2022-2025 retrend'!$J$243 -> 0.0017192472 | F14: ='[2]0503 SRI05V3+PB'!$J$103 -> 677.00944 | G14: =F14/D14-1 -> 0.24687343 | H14: 500 | I14: =H14/D14-1 -> -0.079131433 | K14: =J14/D14-1 -> -1 | L14: =J14/H14 -> 0 | O14: 苏州诊所 | P14: Suzhuo Clinic | Q14: ='[1]consumption-2022-2025 retrend'!$K$242 -> 343.71944 | R14: ='[1]consumption-2022-2025 retrend'!$K$243 -> -0.42492822 | S14: ='[3]0503 SRI05V3+PBV2'!$K$103 -> 700.3737 | T14: =S14/Q14-1 -> 1.0376319 | U14: 420 | V14: =U14/Q14-1 -> 0.22192681 | X14: =W14/Q14-1 -> -1 | Y14: =W14/U14 -> 0
B15: 杭州不含吴慧玲 | D15: =D5-D8 -> 4704.6382 | E15: ='[1]consumption-2022-2025 retrend'!$J$255 -> -0.23966599 | F15: =F5-F8 -> 7034.0048 | G15: =F15/D15-1 -> 0.49512131 | H15: =H5-H8 -> 6320 | I15: =H15/D15-1 -> 0.34335515 | K15: =J15/D15-1 -> -1 | L15: =J15/H15 -> 0 | O15: 杭州不含吴慧玲 | Q15: =Q5-Q8 -> 4181.8234 | R15: ='[1]consumption-2022-2025 retrend'!$K$255 -> -0.12083991 | S15: =S5-S8 -> 6816.9734 | T15: =S15/Q15-1 -> 0.63014376 | U15: =U5-U8 -> 4680 | V15: =U15/Q15-1 -> 0.11912903 | X15: =W15/Q15-1 -> -1 | Y15: =W15/U15 -> 0
B16: 全国不含吴慧玲 | D16: =D4-D8 -> 6197.1746 | E16: ='[1]consumption-2022-2025 retrend'!$J$257 -> -0.16906192 | F16: =F4-F8 -> 9440.3109 | G16: =F16/D16-1 -> 0.52332496 | H16: =H4-H8 -> 8320 | I16: =H16/D16-1 -> 0.34254728 | K16: =J16/D16-1 -> -1 | L16: =J16/H16 -> 0 | O16: 全国不含吴慧玲 | Q16: =Q4-Q8 -> 4614.5561 | R16: ='[1]consumption-2022-2025 retrend'!$K$257 -> -0.29203142 | S16: =S4-S8 -> 9242.2223 | T16: =S16/Q16-1 -> 1.002841 | U16: =U4-U8 -> 6500 | V16: =U16/Q16-1 -> 0.4085862 | X16: =W16/Q16-1 -> -1 | Y16: =W16/U16 -> 0
B21: 开单 | H21: 门店按自然月下指标，按自然月考核 | O21: 开单 | U21: 门店按自然月下指标，按自然月考核
B22: YesSkin | D22: 2024年7月实际 | F22: 2025年7月SRI05 | H22: 2025年7月指标 | J22: 2025年7月实际（自然月） | O22: YesSkin | Q22: 2024年8月实际 | S22: 2025年8月SRI05 | U22: 2025年8月指标 | W22: 2025年8月实际（自然月）
D23: 7月开单 | E23: 增幅 | F23: 7月开单 | G23: 增幅 | H23: 7月开单 | I23: 增幅 | J23: 7月开单 | K23: Evl% | L23: 指标达成率 | Q23: 8月开单 | R23: 增幅 | S23: 8月开单 | T23: 增幅 | U23: 7月开单 | V23: 增幅 | W23: 7月开单 | X23: Evl% | Y23: 指标达成率
B24: National Total | D24: =D25+D32 -> 5922.4403 | E24: ='[1]billing 2022-2025 retrend'!$J$246 -> -0.2670785 | F24: =F25+F32 -> 9853.2953 | G24: =F24/D24-1 -> 0.66372217 | H24: =H25+H32 -> 8073 | I24: =H24/D24-1 -> 0.36312053 | J24: =J25+J32 -> 0 | K24: =J24/D24-1 -> -1 | L24: =J24/H24 -> 0 | O24: National Total | Q24: =Q25+Q32 -> 4210.3573 | R24: ='[1]billing 2022-2025 retrend'!$K$246 -> -0.26307084 | S24: =S25+S32 -> 9680.1112 | T24: =S24/Q24-1 -> 1.2991187 | U24: =U25+U32 -> 6498 | V24: =U24/Q24-1 -> 0.54333696 | W24: =W25+W32 -> 0 | X24: =W24/Q24-1 -> -1 | Y24: =W24/U24 -> 0
B25: HZ Total | D25: =D26+D27+D30+D31 -> 4708.956 | E25: ='[1]billing 2022-2025 retrend'!$J$222 -> -0.32565842 | F25: =F26+F27+F30+F31 -> 6967.3046 | G25: =F25/D25-1 -> 0.47958583 | H25: =H26+H27+H30+H31 -> 6623 | I25: =H25/D25-1 -> 0.40646886 | J25: =J26+J27+J30+J31 -> 0 | K25: =J25/D25-1 -> -1 | L25: =J25/H25 -> 0 | O25: HZ Total | Q25: =Q26+Q27+Q30+Q31 -> 3843.1631 | R25: ='[1]billing 2022-2025 retrend'!$K$222 -> -0.053361016 | S25: =S26+S27+S30+S31 -> 6576.1247 | T25: =S25/Q25-1 -> 0.71112298 | U25: =U26+U27+U30+U31 -> 4748 | V25: =U25/Q25-1 -> 0.23544066 | W25: =W26+W27+W30+W31 -> 0 | X25: =W25/Q25-1 -> -1 | Y25: =W25/U25 -> 0
B26: 杭州时尚 | C26: HZ Fashion | D26: ='[1]billing 2022-2025 retrend'!$J$224 -> 2470.7524 | E26: ='[1]billing 2022-2025 retrend'!$J$225 -> 0.056324984 | F26: ='[2]0503 SRI05V3+PB'!$J$175 -> 3050.9415 | G26: =F26/D26-1 -> 0.23482284 | H26: 3051 | I26: =H26/D26-1 -> 0.23484651 | K26: =J26/D26-1 -> -1 | L26: =J26/H26 -> 0 | O26: 杭州时尚 | P26: HZ Fashion | Q26: ='[1]billing 2022-2025 retrend'!$K$224 -> 1228.4357 | R26: ='[1]billing 2022-2025 retrend'!$K$225 -> -0.048207773 | S26: ='[3]0503 SRI05V3+PBV2'!$K$175 -> 2798.6221 | T26: =S26/Q26-1 -> 1.2781998 | U26: 2000 | V26: =U26/Q26-1 -> 0.62808682 | X26: =W26/Q26-1 -> -1 | Y26: =W26/U26 -> 0
B27: 杭州悦容（西子） | C27: HZ Ruerong | D27: ='[1]billing 2022-2025 retrend'!$J$227 -> 1417.4256 | E27: ='[1]billing 2022-2025 retrend'!$J$228 -> -0.57626767 | F27: ='[2]0503 SRI05V3+PB'!$J$178 -> 2706.6381 | G27: =F27/D27-1 -> 0.90954503 | H27: 2300 | I27: =H27/D27-1 -> 0.6226601 | K27: =J27/D27-1 -> -1 | L27: =J27/H27 -> 0 | O27: 杭州悦容（西子） | P27: HZ Ruerong | Q27: ='[1]billing 2022-2025 retrend'!$K$227 -> 1777.1279 | R27: ='[1]billing 2022-2025 retrend'!$K$228 -> -0.22420343 | S27: ='[3]0503 SRI05V3+PBV2'!$K$178 -> 2775.3307 | T27: =S27/Q27-1 -> 0.56169443 | U27: 1778 | V27: =U27/Q27-1 -> 0.00049076379 | X27: =W27/Q27-1 -> -1 | Y27: =W27/U27 -> 0
B28: Wu huiling | D28: ='[1]billing 2022-2025 retrend'!$J$250 -> 547.496 | E28: ='[1]billing 2022-2025 retrend'!$J$251 -> -0.54783643 | F28: ='[2]0503 SRI05V3+PB'!$J$201 -> 454.8994 | G28: =F28/D28-1 -> -0.16912745 | H28: 455 | O28: Wu huiling | Q28: ='[1]billing 2022-2025 retrend'!$K$250 -> 462.3652 | R28: ='[1]billing 2022-2025 retrend'!$K$251 -> -0.47504392 | S28: =S8 -> 300 | T28: =S28/Q28-1 -> -0.35116224 | U28: ='[3]0625 S2 BOTTOM up & 2026 '!$K$201 -> 300
B29: 杭州悦容（西子） excl. Wu huiling | D29: =D27-D28 -> 869.92962 | E29: ='[1]billing 2022-2025 retrend'!$J$253 -> -0.59239764 | F29: =F27-F28 -> 2251.7387 | G29: =F29/D29-1 -> 1.5884147 | H29: =H27-H28 -> 1845 | I29: =H29/D29-1 -> 1.1208612 | K29: =J29/D29-1 -> -1 | L29: =J29/H29 -> 0 | O29: 杭州悦容（西子） excl. Wu huiling | Q29: =Q27-Q28 -> 1314.7627 | R29: ='[1]billing 2022-2025 retrend'!$K$253 -> -0.067507456 | S29: =S27-S28 -> 2475.3307 | T29: =S29/Q29-1 -> 0.88272056 | U29: =U27-U28 -> 1478 | V29: =U29/Q29-1 -> 0.12415728 | X29: =W29/Q29-1 -> -1 | Y29: =W29/U29 -> 0
B30: 杭州素颜丰潭（城西） | C30: HZ Suyan Fengtan(West) | D30: ='[1]billing 2022-2025 retrend'!$J$230 -> 463.28785 | E30: ='[1]billing 2022-2025 retrend'!$J$231 -> -0.32569192 | F30: ='[2]0503 SRI05V3+PB'!$J$181 -> 487.3368 | G30: =F30/D30-1 -> 0.051909307 | H30: 550 | I30: =H30/D30-1 -> 0.1871669 | K30: =J30/D30-1 -> -1 | L30: =J30/H30 -> 0 | O30: 杭州素颜丰潭（城西） | P30: HZ Suyan Fengtan(West) | Q30: ='[1]billing 2022-2025 retrend'!$K$230 -> 307.2584 | R30: ='[1]billing 2022-2025 retrend'!$K$231 -> 0.70417704 | S30: ='[3]0503 SRI05V3+PBV2'!$K$181 -> 315.60419 | T30: =S30/Q30-1 -> 0.027162127 | U30: 410 | V30: =U30/Q30-1 -> 0.33438175 | X30: =W30/Q30-1 -> -1 | Y30: =W30/U30 -> 0
B31: 杭州新芽（万通） | C31: HZ Xinya | D31: ='[1]billing 2022-2025 retrend'!$J$233 -> 357.49013 | E31: ='[1]billing 2022-2025 retrend'!$J$234 -> -0.41575272 | F31: ='[2]0503 SRI05V3+PB'!$J$184 -> 722.38823 | G31: =F31/D31-1 -> 1.0207222 | H31: 722 | I31: =H31/D31-1 -> 1.0196362 | K31: =J31/D31-1 -> -1 | L31: =J31/H31 -> 0 | O31: 杭州新芽（万通） | P31: HZ Xinya | Q31: ='[1]billing 2022-2025 retrend'!$K$233 -> 530.34116 | R31: ='[1]billing 2022-2025 retrend'!$K$234 -> 0.77888156 | S31: ='[3]0503 SRI05V3+PBV2'!$K$184 -> 686.56782 | T31: =S31/Q31-1 -> 0.29457766 | U31: 560 | V31: =U31/Q31-1 -> 0.055924077 | X31: =W31/Q31-1 -> -1 | Y31: =W31/U31 -> 0
B32: outsize HZ Total | D32: =D33+D34 -> 1213.4843 | E32: ='[1]billing 2022-2025 retrend'!$J$237 -> 0.10562983 | F32: =F33+F34 -> 2885.9907 | G32: =F32/D32-1 -> 1.3782678 | H32: =H33+H34 -> 1450 | I32: =H32/D32-1 -> 0.19490625 | J32: =J33+J34 -> 0 | K32: =J32/D32-1 -> -1 | L32: =J32/H32 -> 0 | O32: outsize HZ Total | Q32: =Q33+Q34 -> 367.19415 | R32: ='[1]billing 2022-2025 retrend'!$K$237 -> -0.77794033 | S32: =S33+S34 -> 3103.9865 | T32: =S32/Q32-1 -> 7.4532569 | U32: =U33+U34 -> 1750 | V32: =U32/Q32-1 -> 3.7658711 | W32: =W33+W34 -> 0 | X32: =W32/Q32-1 -> -1 | Y32: =W32/U32 -> 0
B33: 上海诊所 | C33: SH Clinic | D33: ='[1]billing 2022-2025 retrend'!$J$239 -> 897.42012 | E33: ='[1]billing 2022-2025 retrend'!$J$240 -> 0.86546743 | F33: ='[2]0503 SRI05V3+PB'!$J$190 -> 2142.8317 | G33: =F33/D33-1 -> 1.3877688 | H33: 1000 | I33: =H33/D33-1 -> 0.1143053 | K33: =J33/D33-1 -> -1 | L33: =J33/H33 -> 0 | O33: 上海诊所 | P33: SH Clinic | Q33: ='[1]billing 2022-2025 retrend'!$K$239 -> 61.9558 | R33: ='[1]billing 2022-2025 retrend'!$K$240 -> -0.93602703 | S33: ='[3]0503 SRI05V3+PBV2'!$K$190 -> 2338.6315 | T33: =S33/Q33-1 -> 36.746772 | U33: 1350 | V33: =U33/Q33-1 -> 20.789728 | X33: =W33/Q33-1 -> -1 | Y33: =W33/U33 -> 0
B34: 苏州诊所 | C34: Suzhuo Clinic | D34: ='[1]billing 2022-2025 retrend'!$J$242 -> 316.0642 | E34: ='[1]billing 2022-2025 retrend'!$J$243 -> -0.48730862 | F34: ='[2]0503 SRI05V3+PB'!$J$193 -> 743.15897 | G34: =F34/D34-1 -> 1.3512912 | H34: 450 | I34: =H34/D34-1 -> 0.42376138 | K34: =J34/D34-1 -> -1 | L34: =J34/H34 -> 0 | O34: 苏州诊所 | P34: Suzhuo Clinic | Q34: ='[1]billing 2022-2025 retrend'!$K$242 -> 305.23835 | R34: ='[1]billing 2022-2025 retrend'!$K$243 -> -0.55447129 | S34: ='[3]0503 SRI05V3+PBV2'!$K$193 -> 765.35501 | T34: =S34/Q34-1 -> 1.5074012 | U34: 400 | V34: =U34/Q34-1 -> 0.31045132 | X34: =W34/Q34-1 -> -1 | Y34: =W34/U34 -> 0
B35: 杭州不含吴慧玲 | D35: =D25-D28 -> 4161.46 | E35: ='[1]billing 2022-2025 retrend'!$J$255 -> -0.27905213 | F35: =F25-F28 -> 6512.4052 | G35: =F35/D35-1 -> 0.56493278 | H35: =H25-H28 -> 6168 | I35: =H35/D35-1 -> 0.48217212 | K35: =J35/D35-1 -> -1 | L35: =J35/H35 -> 0 | O35: 杭州不含吴慧玲 | Q35: =Q25-Q28 -> 3380.7979 | R35: ='[1]billing 2022-2025 retrend'!$K$255 -> 0.063468803 | S35: =S25-S28 -> 6276.1247 | T35: =S35/Q35-1 -> 0.85640339 | U35: =U25-U28 -> 4448 | V35: =U35/Q35-1 -> 0.31566574 | X35: =W35/Q35-1 -> -1 | Y35: =W35/U35 -> 0
B36: 全国不含吴慧玲 | D36: =D24-D28 -> 5374.9443 | E36: ='[1]billing 2022-2025 retrend'!$J$257 -> -0.21759322 | F36: =F24-F28 -> 9398.3959 | G36: =F36/D36-1 -> 0.74855688 | H36: =H24-H28 -> 7618 | I36: =H36/D36-1 -> 0.417317 | K36: =J36/D36-1 -> -1 | L36: =J36/H36 -> 0 | O36: 全国不含吴慧玲 | Q36: =Q24-Q28 -> 3747.9921 | R36: ='[1]billing 2022-2025 retrend'!$K$257 -> -0.22443762 | S36: =S24-S28 -> 9380.1112 | T36: =S36/Q36-1 -> 1.5027031 | U36: =U24-U28 -> 6198 | V36: =U36/Q36-1 -> 0.65368546 | X36: =W36/Q36-1 -> -1 | Y36: =W36/U36 -> 0
B40: 开单vs消耗 | D40: 开单/消耗 | H40: 开单/消耗 | J40: 开单/消耗 | O40: 开单vs消耗 | Q40: 开单/消耗 | U40: 开单/消耗 | W40: 开单/消耗
B41: YesSkin | D41: 2024年7月实际 | F41: 2024年7月SRI05 | H41: 2025年7月指标 | J41: 2025年4月实际（自然月） | O41: YesSkin | Q41: 2024年8月实际 | S41: 2024年8月SRI05 | U41: 2025年8月指标 | W41: 2025年8月实际（自然月）
D42: 实际比例 | E42: 增幅 | F42: 比例 | G42: 增幅 | H42: 指标比例 | I42: 增幅 | J42: 门店实际比例 | K42: 增幅 | Q42: 实际比例 | R42: 增幅 | S42: 比例 | T42: 增幅 | U42: 指标比例 | V42: 增幅 | W42: 门店实际比例 | X42: 增幅
B43: National Total | D43: =D24/D4 -> 0.87785164 | F43: =F24/F4 -> 1.0115997 | H43: =H24/H4 -> 0.92580275 | J43: =J24/J4 -> #DIV/0! | O43: National Total | Q43: =Q24/Q4 -> 0.83433736 | S43: =S24/S4 -> 1.0144504 | U43: =U24/U4 -> 0.95558824 | W43: =W24/W4 -> #DIV/0!
B44: HZ Total | D44: =D25/D5 -> 0.89626458 | F44: =F25/F5 -> 0.95 | H44: =H25/H5 -> 0.98556548 | J44: =J25/J5 -> #DIV/0! | O44: HZ Total | Q44: =Q25/Q5 -> 0.83300454 | S44: =S25/S5 -> 0.9240058 | U44: =U25/U5 -> 0.95341365 | W44: =W25/W5 -> #DIV/0!
B45: 杭州时尚 | C45: HZ Fashion | D45: =D26/D6 -> 0.91781006 | F45: =F26/F6 -> 0.95 | H45: =H26/H6 -> 0.98419355 | J45: =J26/J6 -> #DIV/0! | O45: 杭州时尚 | P45: HZ Fashion | Q45: =Q26/Q6 -> 0.68128803 | S45: =S26/S6 -> 0.95 | U45: =U26/U6 -> 0.97560976 | W45: =W26/W6 -> #DIV/0!
B46: 杭州悦容（西子） | C46: HZ Ruerong | D46: =D27/D7 -> 0.85672776 | F46: =F27/F7 -> 0.95 | H46: =H27/H7 -> 1 | J46: =J27/J7 -> #DIV/0! | O46: 杭州悦容（西子） | P46: HZ Ruerong | Q46: =Q27/Q7 -> 0.93707252 | S46: =S27/S7 -> 0.95 | U46: =U27/U7 -> 0.96108108 | W46: =W27/W7 -> #DIV/0!
B47: Wu huiling | D47: =D28/D8 -> 0.99664034 | F47: =F28/F8 -> 1.5163313 | H47: =H28/H8 -> 1.1375 | J47: =J28/J8 -> #DIV/0! | O47: Wu huiling | Q47: =Q28/Q8 -> 1.0708038 | S47: =S28/S8 -> 1 | U47: =U28/U8 -> 1 | W47: =W28/W8 -> #DIV/0!
B48: 杭州悦容（西子） excl. Wu huiling | D48: =D29/D9 -> 0.78717911 | F48: =F29/F9 -> 0.88334907 | H48: =H29/H9 -> 0.97105263 | J48: =J29/J9 -> #DIV/0! | O48: 杭州悦容（西子） excl. Wu huiling | Q48: =Q29/Q9 -> 0.89764795 | S48: =S29/S9 -> 0.94427787 | U48: =U29/U9 -> 0.95354839 | W48: =W29/W9 -> #DIV/0!
B49: 杭州素颜丰潭（城西） | C49: HZ Suyan Fengtan(West) | D49: =D30/D10 -> 0.93998489 | F49: =F30/F10 -> 0.95 | H49: =H30/H10 -> 0.98214286 | J49: =J30/J10 -> #DIV/0! | O49: 杭州素颜丰潭（城西） | P49: HZ Suyan Fengtan(West) | Q49: =Q30/Q10 -> 0.8695504 | S49: =S30/S10 -> 0.59892423 | U49: =U30/U10 -> 0.91111111 | W49: =W30/W10 -> #DIV/0!
B50: 杭州新芽（万通） | C50: HZ Xinya | D50: =D31/D11 -> 0.86217072 | F50: =F31/F11 -> 0.95 | H50: =H31/H11 -> 0.95 | J50: =J31/J11 -> #DIV/0! | O50: 杭州新芽（万通） | P50: HZ Xinya | Q50: =Q31/Q11 -> 0.94587677 | S50: =S31/S11 -> 0.95 | U50: =U31/U11 -> 0.88888889 | W50: =W31/W11 -> #DIV/0!
B51: outsize HZ Total | D51: =D32/D12 -> 0.81303498 | F51: =F32/F12 -> 1.1993448 | H51: =H32/H12 -> 0.725 | J51: =J32/J12 -> #DIV/0! | O51: outsize HZ Total | Q51: =Q32/Q12 -> 0.84854738 | S51: =S32/S12 -> 1.279863 | U51: =U32/U12 -> 0.96153846 | W51: =W32/W12 -> #DIV/0!
B52: 上海诊所 | C52: SH Clinic | D52: =D33/D13 -> 0.94507975 | F52: =F33/F13 -> 1.2391349 | H52: =H33/H13 -> 0.66666667 | J52: =J33/J13 -> #DIV/0! | O52: 上海诊所 | P52: SH Clinic | Q52: =Q33/Q13 -> 0.69602935 | S52: =S33/S13 -> 1.3558265 | U52: =U33/U13 -> 0.96428571 | W52: =W33/W13 -> #DIV/0!
B53: 苏州诊所 | C53: Suzhuo Clinic | D53: =D34/D14 -> 0.58210717 | F53: =F34/F14 -> 1.0977084 | H53: =H34/H14 -> 0.9 | J53: =J34/J14 -> #DIV/0! | O53: 苏州诊所 | P53: Suzhuo Clinic | Q53: =Q34/Q14 -> 0.88804506 | S53: =S34/S14 -> 1.0927809 | U53: =U34/U14 -> 0.95238095 | W53: =W34/W14 -> #DIV/0!
B54: 杭州不含吴慧玲 | D54: =D35/D15 -> 0.88454411 | F54: =F35/F15 -> 0.92584599 | H54: =H35/H15 -> 0.97594937 | J54: =J35/J15 -> #DIV/0! | O54: 杭州不含吴慧玲 | Q54: =Q35/Q15 -> 0.80845066 | S54: =S35/S15 -> 0.92066147 | U54: =U35/U15 -> 0.95042735 | W54: =W35/W15 -> #DIV/0!
B55: 全国不含吴慧玲 | D55: =D36/D16 -> 0.86732175 | F55: =F36/F16 -> 0.99556 | H55: =H36/H16 -> 0.915625 | J55: =J36/J16 -> #DIV/0! | O55: 全国不含吴慧玲 | Q55: =Q36/Q16 -> 0.81221076 | S55: =S36/S16 -> 1.0149195 | U55: =U36/U16 -> 0.95353846 | W55: =W36/W16 -> #DIV/0!

Sheet 7月邀约追踪
A1: 2024年7/1-7/6第一周实际消耗金额 | M1: 2024年7/1-7/6第一周实际开单金额
A2: Date | B2: 45474 | C2: 45475 | D2: 45476 | E2: 45477 | F2: 45478 | G2: 45479 | H2: 合计 | M2: Date | N2: 45474 | O2: 45475 | P2: 45476 | Q2: 45477 | R2: 45478 | S2: 45479 | T2: 合计
A3: Clinic | B3: 消耗金额 | C3: 消耗金额 | D3: 消耗金额 | E3: 消耗金额 | F3: 消耗金额 | G3: 消耗金额 | H3: 7/1-7/6 | M3: Clinic | N3: 开单金额 | O3: 开单金额 | P3: 开单金额 | Q3: 开单金额 | R3: 开单金额 | S3: 开单金额 | T3: 7/1-7/6
A4: HZ YesSkin Kunhe | B4: 83267.68 | C4: 21956.55 | D4: 110664.52 | E4: 27038.29 | F4: 165714.15 | G4: 45045.58 | H4: =SUM(B4:G4) -> 453686.77 | M4: HZ YesSkin Kunhe | N4: 48692.1 | O4: 41098.08 | P4: 53262 | Q4: 111593.25 | R4: 182734.05 | S4: 64400 | T4: =SUM(N4:S4) -> 501779.48
A5: HZ YesSkin Xizi | B5: 38276.93 | C5: 13302.51 | D5: 8921.58 | E5: 80744.2 | F5: 40702.78 | G5: 168941.71 | H5: =SUM(B5:G5) -> 350889.71 | M5: HZ YesSkin Xizi | N5: 9608.16 | O5: 17405.75 | P5: 13999 | Q5: 91459.6 | R5: 32253 | S5: 164614.2 | T5: =SUM(N5:S5) -> 329339.71
A6: HZ YesSkin Wantong | B6: 0 | C6: 3998.05 | D6: 7494.82 | E6: 0 | F6: 8008.81 | G6: 26827.5 | H6: =SUM(B6:G6) -> 46329.18 | M6: HZ YesSkin Wantong | N6: 0 | O6: 0 | P6: 799 | Q6: 0 | R6: 3376.9 | S6: 24927.5 | T6: =SUM(N6:S6) -> 29103.4
A7: HZ YesSkin West | B7: 0 | C7: 16605.9 | D7: 13004.2 | E7: 0 | F7: 22713.07 | G7: 20003.97 | H7: =SUM(B7:G7) -> 72327.14 | M7: HZ YesSkin West | N7: 0 | O7: 1159 | P7: 3050 | Q7: 0 | R7: 6096 | S7: 20861 | T7: =SUM(N7:S7) -> 31166
A8: SH YesSkin KYMS | B8: 0 | C8: 6456.8 | D8: 30728.19 | E8: 75027.08 | F8: 44275.7 | G8: 103044.81 | H8: =SUM(B8:G8) -> 259532.58 | M8: SH YesSkin KYMS | N8: 0 | O8: 3712 | P8: 0 | Q8: 160218 | R8: 25811.4 | S8: 68467.35 | T8: =SUM(N8:S8) -> 258208.75
A9: SZ YesSkin Suyue Palaze | B9: 59022.96 | C9: 0 | D9: 17815.46 | E9: 13594.7 | F9: 50851.52 | G9: 35558.77 | H9: =SUM(B9:G9) -> 176843.41 | M9: SZ YesSkin Suyue Palaze | N9: 10357 | O9: 0 | P9: 11111 | Q9: 9915 | R9: 38696 | S9: 26946.4 | T9: =SUM(N9:S9) -> 97025.4
A10: Total | B10: =SUM(B4:B9) -> 180567.57 | C10: =SUM(C4:C9) -> 62319.81 | D10: =SUM(D4:D9) -> 188628.77 | E10: =SUM(E4:E9) -> 196404.27 | F10: =SUM(F4:F9) -> 332266.03 | G10: =SUM(G4:G9) -> 399422.34 | H10: =SUM(H4:H9) -> 1359608.8 | M10: Total | N10: =SUM(N4:N9) -> 68657.26 | O10: =SUM(O4:O9) -> 63374.83 | P10: =SUM(P4:P9) -> 82221 | Q10: =SUM(Q4:Q9) -> 373185.85 | R10: =SUM(R4:R9) -> 288967.35 | S10: =SUM(S4:S9) -> 370216.45 | T10: =SUM(T4:T9) -> 1246622.7
F12: Whl | H12: 154888.76
F13: 不含Whl | H13: =H10-H12 -> 1204720
A14: Date | B14: 45474 | C14: 45475 | D14: 45476 | E14: 45477 | F14: 45478 | G14: 45479 | H14: 合计
A15: Clinic | B15: 消耗人数 | C15: 消耗人数 | D15: 消耗人数 | E15: 消耗人数 | F15: 消耗人数 | G15: 消耗人数 | H15: 7/1-7/6
A16: HZ YesSkin Kunhe | B16: 8 | C16: 8 | D16: 5 | E16: 5 | F16: 15 | G16: 7 | H16: =SUM(B16:G16) -> 48
A17: HZ YesSkin Xizi | B17: 11 | C17: 8 | D17: 7 | E17: 14 | F17: 15 | G17: 32 | H17: =SUM(B17:G17) -> 87
A18: HZ YesSkin Wantong | C18: 2 | D18: 6 | F18: 4 | G18: 2 | H18: =SUM(B18:G18) -> 14
A19: HZ YesSkin West | C19: 3 | D19: 5 | F19: 4 | G19: 11 | H19: =SUM(B19:G19) -> 23
A20: SH YesSkin KYMS | C20: 3 | D20: 2 | E20: 3 | F20: 5 | G20: 11 | H20: =SUM(B20:G20) -> 24
A21: SZ YesSkin Suyue Palaze | B21: 6 | D21: 5 | E21: 10 | F21: 8 | G21: 11 | H21: =SUM(B21:G21) -> 40
A22: Total | B22: =SUM(B16:B21) -> 25 | C22: =SUM(C16:C21) -> 24 | D22: =SUM(D16:D21) -> 30 | E22: =SUM(E16:E21) -> 32 | F22: =SUM(F16:F21) -> 51 | G22: =SUM(G16:G21) -> 74 | H22: =SUM(H16:H21) -> 236
A25: 2025年7/1-7/6第一周消耗目标 | M25: 2025年7/1-7/6第一周开单目标
A26: Date | B26: 45839 | C26: 45840 | D26: 45841 | E26: 45842 | F26: 45843 | G26: 45844 | H26: 合计 | M26: Date | N26: 45474 | O26: 45475 | P26: 45476 | Q26: 45477 | R26: 45478 | S26: 45479 | T26: 合计
A27: Clinic | B27: 消耗金额 | C27: 消耗金额 | D27: 消耗金额 | E27: 消耗金额 | F27: 消耗金额 | G27: 消耗金额 | H27: 7/1-7/6 | M27: Clinic | N27: 开单金额 | O27: 开单金额 | P27: 开单金额 | Q27: 开单金额 | R27: 开单金额 | S27: 开单金额 | T27: 7/1-7/6
A28: HZ YesSkin Kunhe | B28: 65000 | C28: 55000 | D28: 35000 | E28: 60000 | F28: 330000 | G28: 120000 | H28: =SUM(B28:G28) -> 665000 | M28: HZ YesSkin Kunhe | N28: 59860 | O28: 53300 | P28: 38160 | Q28: 55850 | R28: 278060 | S28: 113600 | T28: =SUM(N28:S28) -> 598830
A29: HZ YesSkin Xizi | B29: 30000 | C29: 30000 | D29: 30000 | E29: 70000 | F29: 50000 | G29: 20000 | H29: =SUM(B29:G29) -> 230000 | M29: HZ YesSkin Xizi | N29: 38100 | O29: 63600 | P29: 33600 | Q29: 63100 | R29: 60800 | S29: 37300 | T29: =SUM(N29:S29) -> 296500
A30: HZ YesSkin Wantong | B30: 11000 | C30: 20000 | D30: 20000 | E30: 25000 | F30: 40000 | G30: 25000 | H30: =SUM(B30:G30) -> 141000 | M30: HZ YesSkin Wantong | N30: 10700 | O30: 21000 | P30: 15800 | Q30: 1500 | R30: 46600 | S30: 31000 | T30: =SUM(N30:S30) -> 126600
A31: HZ YesSkin West | B31: 15000 | C31: 19000 | D31: 0 | E31: 19000 | F31: 26000 | G31: 20000 | H31: =SUM(B31:G31) -> 99000 | M31: HZ YesSkin West | N31: 12650 | O31: 15650 | P31: 0 | Q31: 18000 | R31: 23200 | S31: 19200 | T31: =SUM(N31:S31) -> 88700
A32: SH YesSkin KYMS | B32: 10000 | C32: 25000 | D32: 30000 | E32: 40000 | F32: 180000 | G32: 60000 | H32: =SUM(B32:G32) -> 345000 | M32: SH YesSkin KYMS | N32: 6666.6667 | O32: 7666 | P32: 12000.333 | Q32: 17333.333 | R32: 141999.33 | S32: 22000 | T32: =SUM(N32:S32) -> 207665.67
A33: SZ YesSkin Suyue Palaze | B33: 0 | C33: 10000 | D33: 20000 | E33: 10000 | F33: 25000 | G33: 20000 | H33: =SUM(B33:G33) -> 85000 | M33: SZ YesSkin Suyue Palaze | N33: 0 | O33: 10000 | P33: 15000 | Q33: 15000 | R33: 20000 | S33: 20000 | T33: =SUM(N33:S33) -> 80000
A34: Total | B34: =SUM(B28:B33) -> 131000 | C34: =SUM(C28:C33) -> 159000 | D34: =SUM(D28:D33) -> 135000 | E34: =SUM(E28:E33) -> 224000 | F34: =SUM(F28:F33) -> 651000 | G34: =SUM(G28:G33) -> 265000 | H34: =SUM(H28:H33) -> 1565000 | M34: Total | N34: =SUM(N28:N33) -> 127976.67 | O34: =SUM(O28:O33) -> 171216 | P34: =SUM(P28:P33) -> 114560.33 | Q34: =SUM(Q28:Q33) -> 170783.33 | R34: =SUM(R28:R33) -> 570659.33 | S34: =SUM(S28:S33) -> 243100 | T34: =SUM(T28:T33) -> 1398295.7
A37: 2025年7/1-7/6第一周预约目标
A38: Date | B38: 45474 | C38: 45475 | D38: 45476 | E38: 45477 | F38: 45478 | G38: 45479 | H38: 合计 | I38: 同比去年+/-
A39: Clinic | B39: 消耗人数 | C39: 消耗人数 | D39: 消耗人数 | E39: 消耗人数 | F39: 消耗人数 | G39: 消耗人数 | H39: 7/1-7/6
A40: HZ YesSkin Kunhe | B40: 9 | C40: 10 | D40: 10 | E40: 15 | F40: 28 | G40: 17 | H40: =SUM(B40:G40) -> 89 | I40: =H40-H16 -> 41
A41: HZ YesSkin Xizi | B41: 11 | C41: 7 | D41: 10 | E41: 17 | F41: 8 | G41: 7 | H41: =SUM(B41:G41) -> 60 | I41: =H41-H17 -> -27
A42: HZ YesSkin Wantong | B42: 3 | C42: 5 | D42: 5 | E42: 6 | F42: 10 | G42: 6 | H42: =SUM(B42:G42) -> 35 | I42: =H42-H18 -> 21
A43: HZ YesSkin West | B43: 5 | C43: 5 | E43: 5 | F43: 7 | G43: 6 | H43: =SUM(B43:G43) -> 28 | I43: =H43-H19 -> 5
A44: SH YesSkin KYMS | B44: 2 | C44: 6 | D44: 6 | E44: 8 | F44: 25 | G44: 15 | H44: =SUM(B44:G44) -> 62 | I44: =H44-H20 -> 38
A45: SZ YesSkin Suyue Palaze | B45: 0 | C45: 4 | D45: 4 | E45: 6 | F45: 9 | G45: 7 | H45: =SUM(B45:G45) -> 30 | I45: =H45-H21 -> -10
A46: Total | B46: =SUM(B40:B45) -> 30 | C46: =SUM(C40:C45) -> 37 | D46: =SUM(D40:D45) -> 35 | E46: =SUM(E40:E45) -> 57 | F46: =SUM(F40:F45) -> 87 | G46: =SUM(G40:G45) -> 58 | H46: =SUM(H40:H45) -> 304 | I46: =H46-H22 -> 68
A49: 2025年7月第一周（7/1-7/6）预约人数-0707更新
A50: Date | B50: 45839 | C50: 45840 | D50: 45841 | E50: 45842 | F50: 45843 | G50: 45844 | H50: 合计 | I50: 本周对比目标缺口 | K50: 本周同比去年缺口
A51: Clinic | B51: 消耗人数 | C51: 消耗人数 | D51: 消耗人数 | E51: 消耗人数 | F51: 消耗人数 | G51: 消耗人数 | H51: 7/1-7/6
A52: HZ YesSkin Kunhe | B52: 8 | C52: 11 | D52: 5 | E52: 12 | F52: 16 | G52: 8 | H52: =SUM(B52:G52) -> 60 | I52: =H52-H40 -> -29 | K52: =H52-H16 -> 12
A53: HZ YesSkin Xizi | B53: 8 | C53: 8 | D53: 3 | E53: 10 | F53: 15 | G53: 27 | H53: =SUM(B53:G53) -> 71 | I53: =H53-H41 -> 11 | K53: =H53-H17 -> -16
A54: HZ YesSkin Wantong | B54: 2 | C54: 2 | D54: 4 | E54: 1 | F54: 5 | G54: 7 | H54: =SUM(B54:G54) -> 21 | I54: =H54-H42 -> -14 | K54: =H54-H18 -> 7
A55: HZ YesSkin West | B55: 5 | C55: 6 | E55: 1 | F55: 3 | G55: 3 | H55: =SUM(B55:G55) -> 18 | I55: =H55-H43 -> -10 | K55: =H55-H19 -> -5
A56: SH YesSkin KYMS | B56: 4 | C56: 1 | D56: 3 | E56: 11 | F56: 10 | G56: 9 | H56: =SUM(B56:G56) -> 38 | I56: =H56-H44 -> -24 | K56: =H56-H20 -> 14
A57: SZ YesSkin Suyue Palaze | C57: 4 | D57: 6 | E57: 4 | F57: 12 | G57: 2 | H57: =SUM(B57:G57) -> 28 | I57: =H57-H45 -> -2 | K57: =H57-H21 -> -12
A58: Total | B58: =SUM(B52:B57) -> 27 | C58: =SUM(C52:C57) -> 32 | D58: =SUM(D52:D57) -> 21 | E58: =SUM(E52:E57) -> 39 | F58: =SUM(F52:F57) -> 61 | G58: =SUM(G52:G57) -> 56 | H58: =SUM(H52:H57) -> 236 | I58: =H58-H46 -> -68 | K58: =H58-H22 -> 0
A61: 2025年7/1-7/6第一周实际消耗完成 | M61: 2025年7/1-7/6第一周开单实际达成
A62: Date | B62: 45839 | C62: 45840 | D62: 45841 | E62: 45842 | F62: 45843 | G62: 45844 | H62: 合计 | I62: 截至7月6日对比目标缺口 | J62: 6天日销售目标完成率 | K62: 本月目标完成率 | M62: Date | N62: 45839 | O62: 45840 | P62: 45841 | Q62: 45842 | R62: 45843 | S62: 45844 | T62: 合计 | U62: 截至7月2日对比目标缺口 | V62: 2天日销售目标完成率 | W62: 本月目标完成率
A63: Clinic | B63: 消耗金额 | C63: 消耗金额 | D63: 消耗金额 | E63: 消耗金额 | F63: 消耗金额 | G63: 消耗金额 | H63: 7/1-7/6 | M63: Clinic | N63: 开单金额 | O63: 开单金额 | P63: 开单金额 | Q63: 开单金额 | R63: 开单金额 | S63: 开单金额 | T63: 7/1-7/6
A64: HZ YesSkin Kunhe | B64: 43021.37 | C64: 53615.22 | D64: 50205.07 | E64: 68962.96 | F64: 114505.48 | G64: 27861.29 | H64: =SUM(B64:G64) -> 358171.39 | I64: =SUMIFS(B64:G64,$B$71:$G$71,"A")-SUMIFS(B28:G28,$B$71:$G$71,"A") -> -306828.61 | J64: =H64/SUMIFS(B28:G28,$B$71:$G$71,"A") -> 0.53860359 | K64: =H64/('2025第三季度指标'!H6*1000) -> 0.11553916 | M64: HZ YesSkin Kunhe | N64: 21321.05 | O64: 1197 | T64: =SUM(N64:S64) -> 22518.05 | U64: =N64+O64-N28-O28 -> -90641.95 | V64: =T64/(N28+O28) -> 0.19899302 | W64: =T64/('2025第三季度指标'!H26*1000) -> 0.0073805474
A65: HZ YesSkin Xizi | B65: 53685.9 | C65: 67658.36 | D65: 26075.75 | E65: 32161.12 | F65: 110662.04 | G65: 232819.47 | H65: =SUM(B65:G65) -> 523062.64 | I65: =SUMIFS(B65:G65,$B$71:$G$71,"A")-SUMIFS(B29:G29,$B$71:$G$71,"A") -> 293062.64 | J65: =H65/SUMIFS(B29:G29,$B$71:$G$71,"A") -> 2.2741854 | K65: =H65/('2025第三季度指标'!H9*1000) -> 0.27529613 | M65: HZ YesSkin Xizi | N65: 65395 | O65: 56901 | T65: =SUM(N65:S65) -> 122296 | U65: =N65+O65-N29-O29 -> 20596 | V65: =T65/(N29+O29) -> 1.2025172 | W65: =T65/('2025第三季度指标'!H29*1000) -> 0.066285095
A66: HZ YesSkin Wantong | B66: 1906.85 | C66: 4467 | D66: 35980 | E66: 6800 | F66: 11955.36 | G66: 45202.72 | H66: =SUM(B66:G66) -> 106311.93 | I66: =SUMIFS(B66:G66,$B$71:$G$71,"A")-SUMIFS(B30:G30,$B$71:$G$71,"A") -> -34688.07 | J66: =H66/SUMIFS(B30:G30,$B$71:$G$71,"A") -> 0.75398532 | K66: =H66/('2025第三季度指标'!H11*1000) -> 0.13988412 | M66: HZ YesSkin Wantong | N66: 1274 | O66: 3888 | T66: =SUM(N66:S66) -> 5162 | U66: =N66+O66-N30-O30 -> -26538 | V66: =T66/(N30+O30) -> 0.16283912 | W66: =T66/('2025第三季度指标'!H31*1000) -> 0.0071495845
A67: HZ YesSkin West | B67: 30170.65 | C67: 50869.41 | D67: 0 | E67: 20400 | F67: 2437.4 | G67: 17709.79 | H67: =SUM(B67:G67) -> 121587.25 | I67: =SUMIFS(B67:G67,$B$71:$G$71,"A")-SUMIFS(B31:G31,$B$71:$G$71,"A") -> 22587.25 | J67: =H67/SUMIFS(B31:G31,$B$71:$G$71,"A") -> 1.228154 | K67: =H67/('2025第三季度指标'!H10*1000) -> 0.21712009 | M67: HZ YesSkin West | N67: 10497 | O67: 40305.2 | T67: =SUM(N67:S67) -> 50802.2 | U67: =N67+O67-N31-O31 -> 22502.2 | V67: =T67/(N31+O31) -> 1.7951307 | W67: =T67/('2025第三季度指标'!H30*1000) -> 0.092367636
A68: SH YesSkin KYMS | B68: 20095.57 | C68: 2215.7 | D68: 15644.45 | E68: 66434.12 | F68: 38865.64 | G68: 46594.06 | H68: =SUM(B68:G68) -> 189849.54 | I68: =SUMIFS(B68:G68,$B$71:$G$71,"A")-SUMIFS(B32:G32,$B$71:$G$71,"A") -> -155150.46 | J68: =H68/SUMIFS(B32:G32,$B$71:$G$71,"A") -> 0.55028852 | K68: =H68/('2025第三季度指标'!H13*1000) -> 0.12656636 | M68: SH YesSkin KYMS | N68: 19688 | O68: 5215.02 | T68: =SUM(N68:S68) -> 24903.02 | U68: =N68+O68-N32-O32 -> 10570.353 | V68: =T68/(N32+O32) -> 1.7375008 | W68: =T68/('2025第三季度指标'!H33*1000) -> 0.02490302
A69: SZ YesSkin Suyue Palaze | B69: 0 | C69: 21422.15 | D69: 23080.09 | E69: 13359.16 | F69: 25910.46 | G69: 1799.69 | H69: =SUM(B69:G69) -> 85571.55 | I69: =SUMIFS(B69:G69,$B$71:$G$71,"A")-SUMIFS(B33:G33,$B$71:$G$71,"A") -> 571.55 | J69: =H69/SUMIFS(B33:G33,$B$71:$G$71,"A") -> 1.0067241 | K69: =H69/('2025第三季度指标'!H14*1000) -> 0.1711431 | M69: SZ YesSkin Suyue Palaze | O69: 24001 | T69: =SUM(N69:S69) -> 24001 | U69: =N69+O69-N33-O33 -> 14001 | V69: =T69/(N33+O33) -> 2.4001 | W69: =T69/('2025第三季度指标'!H34*1000) -> 0.053335556
A70: Total | B70: =SUM(B64:B69) -> 148880.34 | C70: =SUM(C64:C69) -> 200247.84 | D70: =SUM(D64:D69) -> 150985.36 | E70: =SUM(E64:E69) -> 208117.36 | F70: =SUM(F64:F69) -> 304336.38 | G70: =SUM(G64:G69) -> 371987.02 | H70: =SUM(H64:H69) -> 1384554.3 | I70: =SUMIFS(B70:G70,$B$71:$G$71,"A")-SUMIFS(B34:G34,$B$71:$G$71,"A") -> -180445.7 | J70: =H70/SUMIFS(B34:G34,$B$71:$G$71,"A") -> 0.88469923 | K70: =H70/('2025第三季度指标'!H16*1000) -> 0.16641278 | M70: Total | N70: =SUM(N64:N69) -> 118175.05 | O70: =SUM(O64:O69) -> 131507.22 | P70: =SUM(P64:P69) -> 0 | Q70: =SUM(Q64:Q69) -> 0 | R70: =SUM(R64:R69) -> 0 | S70: =SUM(S64:S69) -> 0 | T70: =SUM(T64:T69) -> 249682.27 | U70: =N70+O70-N34-O34 -> -49510.397 | V70: =T70/(N34+O34) -> 0.83452002 | W70: =T70/('2025第三季度指标'!H36*1000) -> 0.032775305
B71: A | C71: A | D71: A | E71: A | F71: A | G71: A
F73: Whl | G73: 134159.8 | H73: =G73 -> 134159.8
F74: 不含Whl | G74: =G70-G73 -> 237827.22 | H74: =H70-H73 -> 1250394.5 | J74: =H74/H34 -> 0.79897412
A79: 2024年7/7-7/13第二周实际消耗金额 | M79: 2024年7/7-7/13第二周实际开单金额
A80: Date | B80: 45480 | C80: 45481 | D80: 45482 | E80: 45483 | F80: 45484 | G80: 45485 | H80: 45486 | I80: 合计 | M80: Date | N80: 45480 | O80: 45481 | P80: 45482 | Q80: 45483 | R80: 45484 | S80: 45485 | T80: 45486 | U80: 合计
A81: Clinic | B81: 消耗金额 | C81: 消耗金额 | D81: 消耗金额 | E81: 消耗金额 | F81: 消耗金额 | G81: 消耗金额 | H81: 消耗金额 | I81: 7/7-7/13 | M81: Clinic | N81: 开单金额 | O81: 开单金额 | P81: 开单金额 | Q81: 开单金额 | R81: 开单金额 | S81: 开单金额 | T81: 开单金额 | U81: 7/7-7/13
A82: HZ YesSkin Kunhe | B82: 125165.74 | C82: 156516.18 | D82: 35691.71 | E82: 52980.67 | F82: 103995.33 | G82: 108758.21 | H82: 107667.09 | I82: =SUM(B82:H82) -> 690774.93 | M82: HZ YesSkin Kunhe | N82: 92788.45 | O82: 104700 | P82: 3911.4 | Q82: 82413.05 | R82: 58202.8 | S82: 44556 | T82: 29282.3 | U82: =SUM(N82:T82) -> 415854
A83: HZ YesSkin Xizi | B83: 34906.54 | C83: 18096.95 | D83: 18462.62 | E83: 15340.86 | F83: 197616.69 | G83: 36221.14 | H83: 142117.5 | I83: =SUM(B83:H83) -> 462762.3 | M83: HZ YesSkin Xizi | N83: 11577.4 | O83: 13446.18 | P83: 16597 | Q83: 28140 | R83: 155529.92 | S83: 9360 | T83: 121530 | U83: =SUM(N83:T83) -> 356180.5
A84: HZ YesSkin Wantong | B84: 18483.95 | C84: 0 | D84: 13760.88 | E84: 103597.47 | F84: 0 | G84: 16081.04 | H84: 25817.24 | I84: =SUM(B84:H84) -> 177740.58 | M84: HZ YesSkin Wantong | N84: 9492 | O84: 0 | P84: 22834.25 | Q84: 77154.7 | R84: 0 | S84: 2725 | T84: 5900 | U84: =SUM(N84:T84) -> 118105.95
A85: HZ YesSkin West | B85: 13779.92 | C85: 0 | D85: 8637.58 | E85: 42142.04 | F85: 0 | G85: 67033.29 | H85: 14734.93 | I85: =SUM(B85:H85) -> 146327.76 | M85: HZ YesSkin West | N85: 48231 | O85: 0 | P85: 3312 | Q85: 38198 | R85: 55464 | S85: 2403.35 | T85: 20916 | U85: =SUM(N85:T85) -> 168524.35
A86: SH YesSkin KYMS | B86: 8327.94 | C86: 0 | D86: 0 | E86: 5662.92 | F86: 63330.3 | G86: 85400.75 | H86: 58850.26 | I86: =SUM(B86:H86) -> 221572.17 | M86: SH YesSkin KYMS | N86: 3390 | O86: 0 | P86: 0 | Q86: 4038.25 | R86: 41775 | S86: 58294.5 | T86: 48596.01 | U86: =SUM(N86:T86) -> 156093.76
A87: SZ YesSkin Suyue Palaze | B87: 6467.08 | C87: 8496.83 | D87: 0 | E87: 7581.44 | F87: 600 | G87: 6571.27 | H87: 27806.37 | I87: =SUM(B87:H87) -> 57522.99 | M87: SZ YesSkin Suyue Palaze | N87: 8078.2 | O87: 30158 | P87: 0 | Q87: 8800 | R87: 0 | S87: 0 | T87: 10118 | U87: =SUM(N87:T87) -> 57154.2
A88: Total | B88: =SUM(B82:B87) -> 207131.17 | C88: =SUM(C82:C87) -> 183109.96 | D88: =SUM(D82:D87) -> 76552.79 | E88: =SUM(E82:E87) -> 227305.4 | F88: =SUM(F82:F87) -> 365542.32 | G88: =SUM(G82:G87) -> 320065.7 | H88: =SUM(H82:H87) -> 376993.39 | I88: =SUM(B88:H88) -> 1756700.7 | M88: Total | N88: =SUM(N82:N87) -> 173557.05 | O88: =SUM(O82:O87) -> 148304.18 | P88: =SUM(P82:P87) -> 46654.65 | Q88: =SUM(Q82:Q87) -> 238744 | R88: =SUM(R82:R87) -> 310971.72 | S88: =SUM(S82:S87) -> 117338.85 | T88: =SUM(T82:T87) -> 236342.31 | U88: =SUM(N88:T88) -> 1271912.8
G89: Whl | I89: 134178.62
A90: 2024年7/7-7/13第二周实际消耗人数 | G90: 不含Whl | I90: =I88-I89 -> 1622522.1
A91: Date | B91: 45480 | C91: 45481 | D91: 45482 | E91: 45483 | F91: 45484 | G91: 45485 | H91: 45486 | I91: 合计
A92: Clinic | B92: 消耗人数 | C92: 消耗人数 | D92: 消耗人数 | E92: 消耗人数 | F92: 消耗人数 | G92: 消耗人数 | H92: 消耗人数 | I92: 7/7-7/13
A93: HZ YesSkin Kunhe | B93: 15 | C93: 9 | D93: 10 | E93: 15 | F93: 12 | G93: 9 | H93: 16 | I93: =SUM(B93:H93) -> 86
A94: HZ YesSkin Xizi | B94: 13 | C94: 9 | D94: 9 | E94: 6 | F94: 16 | G94: 7 | H94: 26 | I94: =SUM(B94:H94) -> 86
A95: HZ YesSkin Wantong | B95: 5 | D95: 7 | E95: 6 | G95: 7 | H95: 6 | I95: =SUM(B95:H95) -> 31
A96: HZ YesSkin West | B96: 5 | D96: 4 | E96: 5 | G96: 8 | H96: 8 | I96: =SUM(B96:H96) -> 30
A97: SH YesSkin KYMS | B97: 5 | E97: 4 | F97: 8 | G97: 12 | H97: 13 | I97: =SUM(B97:H97) -> 42
A98: SZ YesSkin Suyue Palaze | B98: 7 | C98: 4 | E98: 8 | F98: 1 | G98: 3 | H98: 6 | I98: =SUM(B98:H98) -> 29
A99: Total | B99: =SUM(B93:B98) -> 50 | C99: =SUM(C93:C98) -> 22 | D99: =SUM(D93:D98) -> 30 | E99: =SUM(E93:E98) -> 44 | F99: =SUM(F93:F98) -> 37 | G99: =SUM(G93:G98) -> 46 | H99: =SUM(H93:H98) -> 75 | I99: =SUM(B99:H99) -> 304
A102: 2025年7月第二周（7/7-7/13）消耗目标 | M102: 2025年7月第二周（7/7-7/13）开单目标
A103: Date | B103: 45845 | C103: 45846 | D103: 45847 | E103: 45848 | F103: 45849 | G103: 45850 | H103: 45851 | I103: 合计 | M103: Date | N103: 45845 | O103: 45846 | P103: 45847 | Q103: 45848 | R103: 45849 | S103: 45850 | T103: 45851 | U103: 合计
A104: Clinic | B104: 消耗金额 | C104: 消耗金额 | D104: 消耗金额 | E104: 消耗金额 | F104: 消耗金额 | G104: 消耗金额 | H104: 消耗金额 | I104: 7/7-7/13 | M104: Clinic | N104: 开单金额 | O104: 开单金额 | P104: 开单金额 | Q104: 开单金额 | R104: 开单金额 | S104: 开单金额 | T104: 开单金额 | U104: 7/7-7/13
A105: HZ YesSkin Kunhe | B105: 0 | C105: 55000 | D105: 70000 | E105: 70000 | F105: 30000 | G105: 250000 | H105: 30000 | I105: =SUM(B105:H105) -> 505000 | M105: HZ YesSkin Kunhe | N105: 0 | O105: 27650 | P105: 66660 | Q105: 68653.6 | R105: 35936 | S105: 209260 | T105: 211739 | U105: =SUM(N105:T105) -> 619898.6
A106: HZ YesSkin Xizi | C106: 30000 | D106: 30000 | E106: 280000 | F106: 20000 | G106: 50000 | H106: 45000 | I106: =SUM(B106:H106) -> 455000 | M106: HZ YesSkin Xizi | O106: 33600 | P106: 37300 | Q106: 243800 | R106: 32900 | S106: 41600 | T106: 20800 | U106: =SUM(N106:T106) -> 410000
A107: HZ YesSkin Wantong | B107: 0 | C107: 10000 | D107: 100000 | E107: 16000 | F107: 25000 | G107: 40000 | H107: 25000 | I107: =SUM(B107:H107) -> 216000 | M107: HZ YesSkin Wantong | N107: 0 | O107: 200 | P107: 102200 | Q107: 20800 | R107: 1500 | S107: 46600 | T107: 31500 | U107: =SUM(N107:T107) -> 202800
A108: HZ YesSkin West | C108: 15000 | D108: 19000 | E108: 0 | F108: 21000 | G108: 21000 | H108: 20000 | I108: =SUM(B108:H108) -> 96000 | M108: HZ YesSkin West | O108: 12650 | P108: 17650 | Q108: 0 | R108: 19000 | S108: 19200 | T108: 19200 | U108: =SUM(N108:T108) -> 87700
A109: SH YesSkin KYMS | C109: 15000 | D109: 28000 | E109: 19000 | F109: 80000 | G109: 200000 | H109: 150000 | I109: =SUM(B109:H109) -> 492000 | M109: SH YesSkin KYMS | O109: 10000 | P109: 10667 | Q109: 12666.667 | R109: 53333 | S109: 157000 | T109: 114000 | U109: =SUM(N109:T109) -> 357666.67
A110: SZ YesSkin Suyue Palaze | B110: 10000 | C110: 0 | D110: 15000 | E110: 15000 | F110: 25000 | G110: 30000 | H110: 25000 | I110: =SUM(B110:H110) -> 120000 | M110: SZ YesSkin Suyue Palaze | N110: 10000 | O110: 0 | P110: 15000 | Q110: 10000 | R110: 15000 | S110: 20000 | T110: 15000 | U110: =SUM(N110:T110) -> 85000
A111: Total | B111: =SUM(B105:B110) -> 10000 | C111: =SUM(C105:C110) -> 125000 | D111: =SUM(D105:D110) -> 262000 | E111: =SUM(E105:E110) -> 400000 | F111: =SUM(F105:F110) -> 201000 | G111: =SUM(G105:G110) -> 591000 | H111: =SUM(H105:H110) -> 295000 | I111: =SUM(I105:I110) -> 1884000 | M111: Total | N111: =SUM(N105:N110) -> 10000 | O111: =SUM(O105:O110) -> 84100 | P111: =SUM(P105:P110) -> 249477 | Q111: =SUM(Q105:Q110) -> 355920.27 | R111: =SUM(R105:R110) -> 157669 | S111: =SUM(S105:S110) -> 493660 | T111: =SUM(T105:T110) -> 412239 | U111: =SUM(U105:U110) -> 1763065.3
B112: A | C112: A
A115: 2025年7月第二周（7/7-7/13）预约目标
A116: Date | B116: 45845 | C116: 45846 | D116: 45847 | E116: 45848 | F116: 45849 | G116: 45850 | H116: 45851 | I116: 合计 | J116: 同比去年+/-
A117: Clinic | B117: 预约人数 | C117: 预约人数 | D117: 预约人数 | E117: 预约人数 | F117: 预约人数 | G117: 预约人数 | H117: 预约人数 | I117: 7/7-7/13
A118: HZ YesSkin Kunhe | C118: 13 | D118: 18 | E118: 18 | F118: 21 | G118: 30 | H118: 12 | I118: =SUM(B118:H118) -> 112 | J118: =I118-I93 -> 26
...

Sheet Sheet1
A2: Date | B2: 7/1-7/6第一周 | G2: 7/7-7/13第二周 | L2: 7/14-7/20第三周 | Q2: 7/1-7/20前三周
A3: Clinic | B3: 2024年 | C3: 2025年 | D3: 同比 | E3: 本周目标完成率 | F3: vs目标+/- | G3: 2024年 | H3: 2025年 | I3: 同比 | J3: 本周目标完成率 | K3: vs目标+/- | L3: 2024年 | M3: 2025年 | N3: 同比 | O3: 本周目标完成率 | P3: vs目标+/- | Q3: 2024年 | R3: 2025年 | S3: 同比 | T3: 两周目标完成率 | U3: vs目标+/-
A4: HZ YesSkin Kunhe | B4: 453686.77 | C4: ='7月邀约追踪'!H64 -> 358171.39 | D4: =C4/B4-1 -> -0.21053155 | E4: =C4/'7月邀约追踪'!H28 -> 0.53860359 | F4: =C4-'7月邀约追踪'!H28 -> -306828.61 | G4: 690774.93 | H4: ='7月邀约追踪'!I140 -> 456953.34 | I4: =H4/G4-1 -> -0.33849171 | J4: =H4/'7月邀约追踪'!I105 -> 0.9048581 | K4: =H4-'7月邀约追踪'!I105 -> -48046.66 | L4: ='7月邀约追踪'!I157 -> 675415.58 | M4: ='7月邀约追踪'!I220 -> 790204.69 | N4: =M4/L4-1 -> 0.1699533 | O4: =M4/'7月邀约追踪'!I182 -> 0.92965258 | P4: ='7月邀约追踪'!J220 -> -59795.31 | Q4: =B4+G4+L4 -> 1819877.3 | R4: =C4+H4+M4 -> 1605329.4 | S4: =R4/Q4-1 -> -0.11789139 | T4: =R4/('7月邀约追踪'!H28+'7月邀约追踪'!I105+'7月邀约追踪'!I182) -> 0.79471753 | U4: =K4+F4+P4 -> -414670.58
A5: HZ YesSkin Xizi | B5: 350889.71 | C5: ='7月邀约追踪'!H65 -> 523062.64 | D5: =C5/B5-1 -> 0.49067535 | G5: 462762.3 | H5: ='7月邀约追踪'!I141 -> 486676.21 | I5: =H5/G5-1 -> 0.051676444 | L5: ='7月邀约追踪'!I158 -> 316471.26 | M5: ='7月邀约追踪'!I221 -> 287320.49 | N5: =M5/L5-1 -> -0.092111903 | P5: ='7月邀约追踪'!J221 -> -57679.51 | Q5: =B5+G5+L5 -> 1130123.3 | R5: =C5+H5+M5 -> 1297059.3 | S5: =R5/Q5-1 -> 0.14771492 | U5: =K5+F5+P5 -> -57679.51
A6: Whl | B6: 154888.76 | C6: 134159.8 | D6: =C6/B6-1 -> -0.13383127 | G6: 134178.62 | H6: 204156.27 | I6: =H6/G6-1 -> 0.52152608 | L6: 90319.4 | M6: 130847.02 | Q6: =B6+G6+L6 -> 379386.78 | R6: =C6+H6+M6 -> 469163.09 | S6: =R6/Q6-1 -> 0.23663531 | U6: =K6+F6+P6 -> 0
A7: 不含Whl | B7: =B5-B6 -> 196000.95 | C7: =C5-C6 -> 388902.84 | D7: =C7/B7-1 -> 0.98418855 | E7: =C7/'7月邀约追踪'!H29 -> 1.6908819 | F7: =C7-'7月邀约追踪'!H29 -> 158902.84 | G7: =G5-G6 -> 328583.68 | H7: =H5-H6 -> 282519.94 | I7: =H7/G7-1 -> -0.14018876 | J7: =H7/'7月邀约追踪'!I106 -> 0.62092295 | K7: =H7-'7月邀约追踪'!I106 -> -172480.06 | L7: =L5-L6 -> 226151.86 | M7: =M5-M6 -> 156473.47 | N7: =M7/L7-1 -> -0.30810443 | O7: =M7/'7月邀约追踪'!I183 -> 0.45354629 | P7: ='7月邀约追踪'!J221 -> -57679.51 | Q7: =B7+G7+L7 -> 750736.49 | R7: =C7+H7+M7 -> 827896.25 | S7: =R7/Q7-1 -> 0.10277875 | T7: =R7/('7月邀约追踪'!H29+'7月邀约追踪'!I106+'7月邀约追踪'!I183) -> 0.80378277 | U7: =K7+F7+P7 -> -71256.73
A8: HZ YesSkin Wantong | B8: 46329.18 | C8: ='7月邀约追踪'!H66 -> 106311.93 | D8: =C8/B8-1 -> 1.2947078 | E8: =C8/'7月邀约追踪'!H30 -> 0.75398532 | F8: =C8-'7月邀约追踪'!H30 -> -34688.07 | G8: 177740.58 | H8: ='7月邀约追踪'!I142 -> 151755.47 | I8: =H8/G8-1 -> -0.14619683 | J8: =H8/'7月邀约追踪'!I107 -> 0.70257162 | K8: =H8-'7月邀约追踪'!I107 -> -64244.53 | L8: ='7月邀约追踪'!I159 -> 80873.08 | M8: ='7月邀约追踪'!I222 -> 100087.84 | N8: =M8/L8-1 -> 0.23759154 | O8: =M8/'7月邀约追踪'!I184 -> 0.70984284 | P8: ='7月邀约追踪'!J222 -> -40912.16 | Q8: =B8+G8+L8 -> 304942.84 | R8: =C8+H8+M8 -> 358155.24 | S8: =R8/Q8-1 -> 0.17449959 | T8: =R8/('7月邀约追踪'!H30+'7月邀约追踪'!I107+'7月邀约追踪'!I184) -> 0.71918723 | U8: =K8+F8+P8 -> -139844.76
A9: HZ YesSkin West | B9: 72327.14 | C9: ='7月邀约追踪'!H67 -> 121587.25 | D9: =C9/B9-1 -> 0.68107366 | E9: =C9/'7月邀约追踪'!H31 -> 1.228154 | F9: =C9-'7月邀约追踪'!H31 -> 22587.25 | G9: 146327.76 | H9: ='7月邀约追踪'!I143 -> 73633.7 | I9: =H9/G9-1 -> -0.49678926 | J9: =H9/'7月邀约追踪'!I108 -> 0.76701771 | K9: =H9-'7月邀约追踪'!I108 -> -22366.3 | L9: ='7月邀约追踪'!I160 -> 89054.06 | M9: ='7月邀约追踪'!I223 -> 226689.85 | N9: =M9/L9-1 -> 1.5455308 | O9: =M9/'7月邀约追踪'!I185 -> 1.1058041 | P9: ='7月邀约追踪'!J223 -> 21689.85 | Q9: =B9+G9+L9 -> 307708.96 | R9: =C9+H9+M9 -> 421910.8 | S9: =R9/Q9-1 -> 0.37113589 | T9: =R9/('7月邀约追踪'!H31+'7月邀约追踪'!I108+'7月邀约追踪'!I185) -> 1.054777 | U9: =K9+F9+P9 -> 21910.8
A10: SH YesSkin KYMS | B10: 259532.58 | C10: ='7月邀约追踪'!H68 -> 189849.54 | D10: =C10/B10-1 -> -0.26849438 | E10: =C10/'7月邀约追踪'!H32 -> 0.55028852 | F10: =C10-'7月邀约追踪'!H32 -> -155150.46 | G10: 221572.17 | H10: ='7月邀约追踪'!I144 -> 340967.28 | I10: =H10/G10-1 -> 0.53885427 | J10: =H10/'7月邀约追踪'!I109 -> 0.69302293 | K10: =H10-'7月邀约追踪'!I109 -> -151032.72 | L10: ='7月邀约追踪'!I161 -> 143858.91 | M10: ='7月邀约追踪'!I224 -> 197998.6 | N10: =M10/L10-1 -> 0.3763388 | O10: =M10/'7月邀约追踪'!I186 -> 0.71999491 | P10: ='7月邀约追踪'!J224 -> -77001.4 | Q10: =B10+G10+L10 -> 624963.66 | R10: =C10+H10+M10 -> 728815.42 | S10: =R10/Q10-1 -> 0.16617248 | T10: =R10/('7月邀约追踪'!H32+'7月邀约追踪'!I109+'7月邀约追踪'!I186) -> 0.65540955 | U10: =K10+F10+P10 -> -383184.58
A11: SZ YesSkin Suyue Palaze | B11: 176843.41 | C11: ='7月邀约追踪'!H69 -> 85571.55 | D11: =C11/B11-1 -> -0.51611683 | E11: =C11/'7月邀约追踪'!H33 -> 1.0067241 | F11: =C11-'7月邀约追踪'!H33 -> 571.55 | G11: 57522.99 | H11: ='7月邀约追踪'!I145 -> 75821.28 | I11: =H11/G11-1 -> 0.31810394 | J11: =H11/'7月邀约追踪'!I110 -> 0.631844 | K11: =H11-'7月邀约追踪'!I110 -> -44178.72 | L11: ='7月邀约追踪'!I162 -> 120798.08 | M11: ='7月邀约追踪'!I225 -> 51590.64 | N11: =M11/L11-1 -> -0.57291838 | O11: =M11/'7月邀约追踪'!I187 -> 0.60694871 | P11: ='7月邀约追踪'!J225 -> -33409.36 | Q11: =B11+G11+L11 -> 355164.48 | R11: =C11+H11+M11 -> 212983.47 | S11: =R11/Q11-1 -> -0.40032441 | T11: =R11/('7月邀约追踪'!H33+'7月邀约追踪'!I110+'7月邀约追踪'!I187) -> 0.73442576 | U11: =K11+F11+P11 -> -77016.53
A12: Total（含Whl） | B12: =B4+B5+B8+B9+B10+B11 -> 1359608.8 | C12: =C4+C5+C8+C9+C10+C11 -> 1384554.3 | D12: =C12/B12-1 -> 0.018347565 | G12: =G4+G5+G8+G9+G10+G11 -> 1756700.7 | H12: =H4+H5+H8+H9+H10+H11 -> 1585807.3 | I12: =H12/G12-1 -> -0.097280912 | L12: =L4+L5+L8+L9+L10+L11 -> 1426471 | M12: =M4+M5+M8+M9+M10+M11 -> 1653892.1 | N12: =M12/L12-1 -> 0.15942921 | P12: ='7月邀约追踪'!J226 -> -247107.89 | Q12: =B12+G12+L12 -> 4542780.5 | R12: =C12+H12+M12 -> 4624253.7 | S12: =R12/Q12-1 -> 0.017934655 | U12: =K12+F12+P12 -> -247107.89
A13: 不含Whl | B13: =B12-B6 -> 1204720 | C13: =C4+C7+C8+C9+C10+C11 -> 1250394.5 | D13: =C13/B13-1 -> 0.037912933 | E13: =C13/'7月邀约追踪'!H34 -> 0.79897412 | F13: =C13-'7月邀约追踪'!H34 -> -314605.5 | G13: =G12-G6 -> 1622522.1 | H13: =H12-H6 -> 1381651 | I13: =H13/G13-1 -> -0.14845474 | J13: =H13/'7月邀约追踪'!I111 -> 0.73336041 | K13: =H13-'7月邀约追踪'!I111 -> -502348.99 | L13: =L4+L7+L8+L9+L10+L11 -> 1336151.6 | M13: =M4+M7+M8+M9+M10+M11 -> 1523045.1 | N13: =M13/L13-1 -> 0.13987449 | O13: =M13/'7月邀约追踪'!I188 -> 0.801181 | P13: ='7月邀约追踪'!J226 -> -247107.89 | Q13: =B13+G13+L13 -> 4163393.7 | R13: =C13+H13+M13 -> 4155090.6 | S13: =R13/Q13-1 -> -0.001994313 | T13: =R13/('7月邀约追踪'!H34+'7月邀约追踪'!I111+'7月邀约追踪'!I188) -> 0.77665245 | U13: =K13+F13+P13 -> -1064062.4
